,S&P 500,FTSE-500,CAC-40,Nikkei,S&P 500_profit,FTSE-500_profit,CAC-40_profit,Nikkei_profit
0,5292.899902,8830.22880128,16910.326248204983,322.39928231583355,1.0095978185759389,1.0109094014580953,1.0003006809715023,0.9964185961111305
1,5343.700195,8926.56131224,16915.410861529712,321.2446402723789,1.0020565798227756,1.006295267977709,1.0088813034887307,1.015414060512719
2,5354.689941,8982.756407820001,17065.64175902753,326.196324596924,1.0009281984680278,1.0018427822506228,1.0032832672678986,1.0056187739267788
3,5359.660156,8999.30967189,17121.672822020628,328.0291480005803,0.9932028944112777,1.000497303068032,1.0004941438065265,0.994333723908113
4,5323.22998,9003.7850562,17130.133390603,326.17044428182254,1.0043394890107677,0.9993295310625119,0.9933217223959261,0.9904740902438837
5,5346.330078,8997.748297999999,17015.73360442574,323.06337406448154,0.9994313783556856,1.0039393460259252,1.0094792593874287,1.0047675935015519
6,5343.290039,9033.193541999999,17177.030156929475,324.60360890726076,0.9974491590573378,1.002664729020593,0.996844252048169,0.9997790214238937
7,5329.660156,9057.26455498,17122.823779193204,324.5318784639655,1.0074169428899697,1.0003660781409083,1.0018387147792394,1.0026699655209916
8,5369.189941,9060.58022155,17154.307768338316,325.39836738992693,0.9968822585559561,1.0064392005085099,1.0042508859134018,0.9972912361520053
9,5352.450195,9118.92311432,17227.228773584906,324.5169400561446,1.0032770111558225,0.9893125144736712,0.9865088144351505,0.9904634406879123
10,5369.990234,9021.464755519999,16994.813033432358,321.42216500952196,0.9980129554179745,0.9889546366293757,0.9902431195454247,0.9965746822305079
11,5359.319824,8921.81939916,16828.9966743173,320.32119195620623,0.9977590878330832,0.9991610595075816,1.000002395307331,1.0057155915607185
12,5347.310059,8914.3345236,16829.036984936407,322.15201705767043,0.9884783445657307,0.9829663109839545,0.9749339447460478,0.9951850868888774
13,5285.700195,8762.49052154,16407.199414001185,320.60088308696487,1.0128761693794854,0.99633818830718,0.9946957046454226,0.9938373037261146
14,5353.759766,8730.40393129,16320.170782367873,318.62511721936045,0.9933393223531501,1.0073797968864975,1.0058293905706661,1.0053751627863665
15,5318.100098,8794.83253904,16415.30743203827,320.33777909223966,1.0109418664424696,1.0039792674089756,1.0149689081005246,0.9982878989850598
16,5376.290039,8829.829529530001,16661.02666043031,319.78932845553214,1.0045030980145004,1.008123614508084,0.9997282734159695,1.005885003028808
17,5400.5,8901.5596608,16656.49941656943,321.6712896220734,1.0007629139894454,0.9950507128976497,1.0012178029240437,0.9995010435907853
18,5404.620117,8857.50328638,16676.78375026326,321.5107896704561,1.0085981486198874,1.0047662149044772,1.0019206848880728,1.0047741154644791
19,5451.089844,8899.72005056,16708.81459679405,323.04571930341876,0.9994662227034833,1.005997170160048,1.003361033513,1.0062936776478124
20,5448.180176,8953.09318608,16764.97348261638,325.0788649262202,1.0031643127508785,0.9919507683543333,1.0011675986194637,0.9982652160602025
21,5465.419922,8881.02766508,16784.548242510027,324.51492333217857,1.001074046840641,1.0052978059357927,1.0052111019772125,1.0071312570816495
22,5471.290039,8928.07762616,16872.01423504319,326.8291226772921,1.0017874733253562,0.9996880179724423,0.9954151900805476,0.9946880761644662
23,5481.069824,8925.292226399999,16794.65925681722,325.093031270396,0.9960117525041767,0.9967287696963425,0.9976848562275993,1.003247917166539
24,5459.209961,8896.09554,16755.777206029208,326.1489065073813,1.0027769871663306,0.9978217695939897,1.0190241991751652,0.9919684519849807
25,5474.370117,8876.7177942,17074.5424489314,323.5294259047212,0.9990866529129127,0.9884702193701738,0.9748647023641601,1.0013380383447745
26,5469.370117,8774.371185319998,16645.368742481725,323.96232068224464,0.9978900606919742,0.9971547617039763,0.9932002598992227,0.9927516757887404
27,5457.830078,8749.4060084,16532.184561151247,321.61413674970765,0.9960240251730313,0.9918354873426359,0.9919885109227697,0.986553875281525
28,5436.129883,8677.9713723,16399.73714511683,317.2896729557464,1.0017108297999069,1.0007976361851219,0.9929851926200931,1.0131108577319838
29,5445.430176,8684.893236279999,16284.69614796273,321.4496127176969,0.9937506729679533,0.9931651421928792,0.9894608476443881,1.0035555126466558
30,5411.399902,8625.53322594,16113.069254194505,322.5925308809772,1.0018904500102124,1.0065877556704683,1.0157663706189306,0.9958636542118432
31,5421.629883,8682.35613136,16367.11387586463,321.25817662457683,0.9862772072964097,0.9947567913880457,0.9854850776076384,0.9922445312201763
32,5347.22998,8636.83272692,16129.54648816951,318.76666886550186,1.0022029697701538,1.0014116179582822,1.0030583654569971,1.0029283319490272
33,5359.009766,8649.024635099999,16178.876535985957,319.70012348622566,0.991394001688035,0.9959668902966887,1.004167980654075,0.9940930066830942
34,5312.890137,8614.142169919998,16246.309780392616,317.81165699337856,1.0063147934805488,1.0016629553213114,0.9829578242321602,0.9989182675114547
35,5346.439941,8628.46710348,15969.43731353639,317.46786979877044,1.0008211327628191,1.0017594170364141,1.0090176594427223,0.9992762789413471
36,5350.830078,8643.6481755,16113.44426072176,317.23811161595137,1.0031135647660534,1.000205357869034,1.0011241985183608,0.9759371701201955
37,5367.490234,8645.42321667,16131.558970885351,309.6044649047463,0.9950516802374866,0.9957403736951834,1.004438981143037,0.9973397183085713
38,5340.930176,8608.59694452,16203.166656964899,308.7808298151756,1.0088654237070482,1.0102531995642086,1.0112615223395633,0.9923531045340422
39,5388.279785,8696.86260696,16385.638980243977,306.41961508768725,1.008551908928018,0.999338519001623,1.0046431096213804,1.0104875228771242
40,5434.359863,8691.1097976,16461.719298245614,309.63319781091894,1.0091142793721168,1.011827974969133,1.00899411424252,1.0135577559354234
41,5483.890137,8793.90802674,16609.77788224233,313.8311291363441,1.0034938095989065,1.0045879639697526,1.0071170782204546,1.0017447703680977
42,5503.049805,8834.254159920001,16727.990970654628,314.3786923910478,0.9929057449262901,0.9872502494448245,0.9826926680085195,0.9891634991709114
43,5464.009766,8721.61962304,16438.47407737502,310.97192743030445,1.0088488306336603,0.998261828589732,1.0053801171083532,1.0014773452302976
44,5512.359863,8706.45995316,16526.914992993927,311.4313403240501,1.0010830597327423,1.0055632748626404,1.0033739607151557,1.012060100862238
45,5518.330078,8754.89638296,16582.676154923007,315.1872337000201,1.0030045462604893,0.9951259760146274,1.0025031287595114,1.0070267521782321
46,5534.910156,8712.224808,16624.18472851606,317.4019762809727,1.0021589703650466,0.9958935279210027,0.9997678600854409,0.9985965393192758
47,5546.859863,8676.448300080001,16620.325591693567,316.9565150872782,0.996150957924426,1.0023524673430961,0.9937773820642306,1.0006623163983943
48,5525.509766,8696.85936136,16516.903655568367,317.1664405847984,0.9990933386760391,0.9920940698862527,0.9973525317794404,1.0008636217031563
49,5520.5,8628.10259904,16473.175678038206,317.4403524064003,1.0018404412643782,1.0082211338316598,1.0036986619190518,0.9983835630425717
50,5530.660156,8699.035385219999,16534.104385604416,316.9272300889915,1.0048294345062991,1.0001293159310414,1.0062891661334499,1.0013970745395013
51,5557.370117,8700.16030908,16638.090114953284,317.3700010530235,1.0091086459843934,1.0027248910868067,0.9978331551195182,1.006587667307053
52,5607.990234,8723.86729836,16602.037954566702,319.46072903319987,0.9969686109834976,1.004065443167237,1.0144687063460736,1.0023573481478227
53,5590.990234,8759.333685059999,16842.247966477695,320.2138091910884,0.9934394135090884,0.9960062953487359,0.9975930301123724,1.0029138316566286
54,5554.310059,8724.35149338,16801.709182782426,321.146858325199,0.9943287285611723,0.9998119027263809,0.9977725400512637,0.9945041721656546
55,5522.810059,8722.71046665,16764.284048507463,319.38189048230277,1.0049159579471243,1.0064877324320651,1.0076978982668634,0.9998531851202231
56,5549.959961,8779.30107824,16893.333801629673,319.3350004684487,0.9989603492564728,0.9910182670012946,0.99613804390869,1.0012139349981162
57,5544.189941,8700.447740040001,16828.092488251936,319.7226524016408,1.0050305161433501,0.9895182093698108,0.9911840193744142,0.9913722197296856
58,5572.080078,8609.25146844,16679.73635090994,316.9641556092773,1.004779163728307,0.9952651006943597,0.9964256985789971,0.9999348287749588
59,5598.709961,8568.48752964,16620.11794556893,316.9434986669621,1.003632951901721,1.0068808428834204,0.9976251119564159,1.0033032734167389
60,5619.049805,8627.44594608,16580.64702617704,317.9904497007169,1.002835030041169,0.998962600668154,1.0076855885350697,1.0059467383942453
61,5634.97998,8618.49583942,16708.079056865467,319.8814557169555,0.9997675132822743,1.0058846884798651,1.0003570913590711,0.9991419593392494
62,5633.669922,8669.213002600001,16714.04536752335,319.60698442133025,0.9988160609172445,1.0008218576101269,1.000735944510026,1.002057254579096
63,5627.0,8676.337861279999,16726.345977451903,320.2644973535421,0.993186450328772,0.9885371728233592,0.9767249952541359,0.9849433176634407
64,5588.660156,8576.88249985,16337.040195445745,315.44237655321194,0.9960097246249517,0.9889605354624297,0.9883579566047029,0.984331808331029
65,5566.359863,8482.198309649999,16146.843664539652,310.49996493686047,1.0064764574851923,0.9983601561597336,0.9990359364402575,1.0225179598210072
66,5602.410156,8468.288829000001,16131.27708095781,317.4917906717329,0.9925817537733308,0.9804003353379244,0.9769378573164154,0.9879842560494417
67,5560.850098,8302.31320769,15759.255267248323,313.6768906086171,1.0082199592138692,1.003200732174906,1.0081297323539216,1.0055074140828717
68,5606.560059,8328.8866887,15887.37379466818,315.4044391334264,1.003406740817721,1.003816642968997,1.001622854942139,0.9996608586266738
69,5625.660156,8360.67507552,15913.156697748467,315.2974724387855,1.0024654224776104,1.0084765510296538,1.0124120374267251,1.0015678570962006
70,5639.529785,8431.54476444,16110.671394258265,315.79181381836275,1.0021030746271695,1.0043154762497923,1.0100950977884784,1.0057315207819624
71,5651.390137,8467.93089562,16273.310197421342,317.6017811620363,0.9996319351611594,1.004428972550945,1.0096696137229029,1.0047278549004888
72,5649.310059,8505.43512912,16430.666821023384,319.1033562995072,0.9983697193278801,1.004434283574849,1.0004588889729171,0.9980444045689488
73,5640.100098,8543.15064041,16438.206672845226,318.4793192338948,1.006209113028405,0.9922920575673193,0.9988428401346173,1.0014659548082605
74,5675.120117,8477.30052708,16419.185039824544,318.94619552325724,1.0080650310577381,1.009358905076747,1.0219309447387797,1.011455116506268
75,5720.890137,8556.63877802,16779.273279588735,322.59976135220705,1.0057875369404248,0.9934796365351641,1.0036361798108,1.0019002446415979
76,5754.0,8500.846383150001,16840.28573432787,323.21277982009735,0.9957334367396594,1.0067696851438308,0.9973441028223365,0.9960033669280575
77,5729.450195,8558.39443662,16795.559666975023,321.9210169349939,1.0002355566335452,0.988920409150078,0.9832022384662845,1.0062320340361393
78,5730.799805,8463.57092793,16513.431860863886,323.9272396694813,0.998440018443464,0.9902820627309239,0.9839679351657293,0.991846522424712
79,5721.859863,8381.32247658,16248.687450634205,321.2861061848113,0.997203706420099,0.9884746765728293,0.982108594753719,0.9915567436049987
80,5705.859863,8284.72502429,15957.975598734749,318.5734052141413,0.9966421068059801,0.9994975702491276,1.0010731339793124,0.9959935857464121
81,5686.700195,8280.56253196,15975.100644590788,317.2970681826773,0.9978686907020953,0.9890388790121826,1.0002951651825165,1.0005208110215045
82,5674.580078,8189.798284199999,15979.815938088266,317.4623199928779,1.0018961343133943,1.0044494009236224,0.9982230297441393,0.9991170883080747
83,5685.339844,8226.23798025,15951.420280472155,317.18202879881045,1.00380810832669,1.0024391918539404,1.0057097661035814,1.0109553321101141
84,5706.990234,8246.30335292,16042.499159293575,320.6568632636612,1.0003661902183658,1.003365497752417,1.0091619685180178,0.9932473396022962
85,5709.080078,8274.05626832,16189.48003154135,318.49157636184873,1.0055472898553377,1.005690281691734,1.002105841374982,1.0131000017068332
86,5740.75,8321.137979219999,16223.572508431213,322.66381655580096,1.000425021295127,1.0059364070651586,1.0099919442236889,1.0048223451279015
87,5743.189941,8370.53564151,16385.67754004443,324.2198128395189,0.999824180462361,1.0027244201359002,1.0001830080496685,1.0170337610596596
88,5742.180176,8393.34049736,16388.67625093353,329.74249566223483,1.0012556138572828,1.0014024782628206,1.0065115704074694,1.00547455802458
89,5749.390137,8405.11197496,16495.39227022671,331.5476900879076,1.0078843280626026,1.0040135332712399,1.0102656796012954,0.9997456327767317
90,5794.720215,8438.84617152,16664.728682170542,331.4633552225989,0.9996548582285607,1.0158462956655498,1.0165571638004052,1.0066412532586677
91,5792.720215,8572.570623029998,16940.64932465055,333.66468731059996,0.9952578039365915,1.0002231748368293,0.9966455084885554,1.0003585598080718
92,5765.25,8574.48380508,16883.82206029265,333.78432605684236,0.9967078652270066,1.0094843278509453,1.0070127001447107,1.0087444064620077
93,5746.27002,8655.80702064,17002.22324169813,336.7030718745307,1.002949773494981,0.9996378401883815,1.0037692415501804,0.9924648119553
94,5763.220215,8652.6722352,17066.308727986183,334.16595091272796,1.000034651981453,0.9907018234768326,0.9821515391527789,1.0077470761316045
95,5763.419922,8572.21816136,16761.701384848133,336.7547599750389,1.00364892256414,0.9958944475400032,0.9996672980747624,1.00133440015569
96,5784.450195,8537.02447,16756.124734527137,337.204125579179,0.9996404017789283,0.997421537797232,0.9905530442500421,0.9997074424639446
97,5782.370117,8515.01207508,16597.830365619284,337.1054739710518,1.0007107575123766,0.9992527468118781,1.002060529302014,0.9966490456413094
98,5786.47998,8508.64920516,16632.0306814375,335.9758489137101,0.9920642737625095,0.9893488330468436,0.9788955290897187,0.9864914240547543
99,5740.560059,8418.02216193,16281.020473742195,331.43729364289084,0.9944848313275002,0.9938615527144026,0.9940904916930733,0.9971522707741375
100,5708.899902,8366.34857664,16184.807648007372,330.4934499752432,0.9984813322796284,0.9868477157565203,0.9903199318891531,0.9937377908562096
101,5700.22998,8256.31198208,16028.137607613706,328.4238308708454,0.9671434240974256,0.9994901344499655,0.9805491490200374,1.0024389818202764
102,5512.939941,8252.10237303,15716.376691521678,329.2248506236849,0.9794302308362479,0.9841180373563546,0.9830728431065209,0.9688340188053126
103,5399.540039,8121.04279141,15450.343117467273,318.9642351203234,1.014314189438683,1.0016125315487625,1.0029026442653552,1.0047023827700758
104,5476.830078,8134.138229119999,15495.18996731496,320.4641270438236,0.994116995681603,0.9854184440921616,0.9964503284161003,0.980365710353809
105,5444.609863,8015.52983777,15440.187131800854,314.17204155223146,1.0215240292599088,1.009309477901059,1.0181264266091918,1.0156572503846188
106,5561.799805,8090.150235659999,15720.062550677632,319.0911118706616,0.9997878945590708,1.005400084968439,0.9938656240001008,1.0084267172420776
107,5560.620117,8133.83773434,15623.629776249842,321.7800024448558,0.9857047896947713,0.9949825918695547,0.9881340372962459,0.9894709620142372
108,5481.129883,8093.02695076,15438.2403680276,318.3919685760551,0.9996661130024165,0.9918723579199471,0.9901897010473671,0.9983624210763092
109,5479.299805,8027.24972436,15286.786614714645,317.87057659884255,0.9957257454723268,1.0073798507925107,0.9981249291019008,1.0010397858651479
110,5455.879883,8086.4896296,15258.122806007941,318.2010939313364,0.9945380386593823,0.9764094720134532,0.979505345058036,0.9708991242216759
111,5426.080078,7895.72506968,14945.412844036697,308.94116342431374,0.9691360590716295,1.0050205047681082,0.9975187480282665,1.0064464298412763
112,5258.609863,7935.36559504,14908.329508949058,310.9327309594109,1.0186228259086199,0.9831348459025442,1.0094475302883643,0.9664832676030215
113,5356.540039,7801.534431460001,15049.17640353377,300.5112818223826,0.9826754202667501,0.9900911442487176,0.9852434220859289,0.9930620565794799
114,5263.740234,7724.23015214,14827.102059392422,298.42635155187094,0.9934532390528297,1.0133445464453752,1.0062702731975233,1.0023180638817286
115,5229.279785,7827.30650016,14920.072040032372,299.1181228987594,1.015755541946012,1.0041171395957653,0.995855117500075,1.0114672069607753
116,5311.669922,7859.5326136799995,14858.230094536022,302.5481723197581,1.0108855242982095,1.0001076123685178,1.0203989597102179,1.0151598737218899
117,5369.490234,7860.3783966,15161.32253159961,307.13476440691426,1.0105857058161847,1.0120951059456786,0.9958870336464906,0.9911955974451303
118,5426.330078,7955.45050608,15098.964522152435,304.43062630248073,0.9937710584291514,1.019552388506612,1.0108915711916402,1.0268775411523823
119,5392.529785,8110.9985651199995,15263.415969165508,312.6129729889712,1.0056281743838342,0.9977859626880929,0.9993528955976406,0.9808209297005304
120,5422.879883,8093.0405116599995,15253.538945496819,306.6173468034895,1.0063379823528356,0.9969487235502624,0.9965214890085136,1.0104069166601737
121,5457.25,8068.346407739999,15200.479342615841,309.808287978237,1.0212213219112192,1.0060599202350926,1.0146350278489713,0.9961735879272594
122,5573.060059,8117.2399434,15422.938781112738,308.62283380488196,0.9980154423453342,1.0126638193421376,0.9983479523872292,1.0165137339666994
123,5562.0,8220.0352036,15397.45935191749,313.7193491783847,0.9909726787126933,0.989110512175082,0.9894723521420593,0.9859546208547698
124,5511.790039,8130.523230330001,15235.360321953547,309.3130419739794,0.9802967643485012,0.9876987659961532,0.9868880188098156,1.0018230538338015
125,5403.189941,8030.507761499999,15035.59456398641,309.8769363009949,0.99855273938444,0.9886418477362928,1.0002946441221365,0.9806652381765688
126,5395.370117,7939.29603159,15040.024713547517,303.8855395430406,0.9926918496516556,1.0068103973947893,1.000410252047944,1.000830219976261
127,5355.939941,7993.3657926000005,15046.194914487378,304.1378313884661,1.0109206293655861,0.9999981803860377,0.9931053524748984,1.0000153566143697
128,5414.430176,7993.351247759999,14942.45670395801,304.14250191585796,1.0022956593022652,0.981594180500797,0.9994794211122531,0.9944247516426887
129,5426.859863,7846.2270675,14934.677976466857,302.44683193166304,0.9833864020306287,1.0093839757486727,0.9999388540289869,1.0138612715629973
130,5336.700195,7919.85587202,14933.764781080217,306.639129602436,0.9819232462992049,0.988663231506876,0.9914068399833603,0.9916778204622085
131,5240.22998,7830.0702995,14805.436550665538,304.08722371257244,1.003125794681248,1.0008104321745879,1.0029913495977354,0.9941991732126354
132,5256.609863,7836.4160404,14849.724787335668,302.3232663995652,1.0090476676488327,1.0039104170378421,1.0008191102914856,1.0122159730383666
133,5304.169922,7867.0596952000005,14861.888349734705,306.0164392707732,1.0032710298227885,1.004475395098563,0.997281618785104,1.0012495127957577
134,5321.52002,7902.267895600001,14821.488071626905,306.39881072735426,1.023038548486002,0.9951133915997075,0.9972108025057511,1.0078967966378778
135,5444.120117,7863.65260692,14780.148014236484,308.81837982575576,0.9980474561964922,1.009029967039428,1.0108181783158596,1.0057331361288497
136,5433.490234,7934.66113077,14940.042290989291,310.5888776363876,1.0083592534529253,0.9913664736664876,1.0016645194503002,1.0053149223307773
137,5478.910156,7866.15702495,14964.91028197095,312.2396333978283,1.0109419036438019,0.9996738798091795,1.0055258000880447,1.0068832634474547
138,5538.859863,7863.59171232,15047.603384524647,314.38886105324224,0.9676919598209377,1.0010482682343598,0.9939629788692605,0.9776492285528345
139,5359.910156,7871.8348657199995,14956.760684925286,307.36202747430656,0.9987910282427502,0.9532096242879823,0.9531908689359662,0.9803737301321692
140,5353.430176,7503.50875481,14256.64771373123,301.3296573759722,0.9768391048498472,1.0085853738317696,1.0091123720811668,1.0114735291433812
141,5229.439941,7567.92918252,14386.559592328866,304.7869719816405,1.001770792686115,0.9977428484136117,0.9875709333742607,0.9804458920123823
142,5238.700195,7550.84721916,14207.748084640642,298.82713461829246,0.9996945622119151,0.9877865929420488,1.0095085059326696,0.9906522945707772
143,5237.100098,7458.625648440001,14342.842541593322,296.03378658962197,1.0054285170166706,1.007200996449156,1.018475629649882,1.0196733055338325
144,5265.529785,7512.335185250001,14607.835588518372,301.85774972153695,0.9999867394160035,1.0172543663233373,1.0018839167267435,1.0107627817518816
145,5265.459961,7641.95576848,14635.3555343251,305.10657880190394,0.9810349212149294,0.9932592206627955,0.9903174332376131,0.9773965399776704
146,5165.600098,7590.4430309399995,14493.647727272728,298.21011444540534,0.9792821709056736,0.9905185289440099,0.9839231876686796,1.0076863156857876
147,5058.580078,7518.474465040001,14260.636072765095,300.50225152572756,1.0001501935302566,0.9935324896671385,0.9958408109157649,0.986681485856782
148,5059.339844,7469.848653749999,14201.323390877002,296.5000080387133,0.984697623724207,1.0025977550777094,1.00718014155508,0.9966544894619408
149,4981.919922,7489.253491019999,14303.29090309297,295.50806413728515,0.9842510593850528,0.9902358777510093,0.983428522303237,0.9726196352661102
150,4903.459961,7416.12750438,14066.26423690205,287.4169455594006,0.9794124565504942,1.0044061922372154,1.0063238691296457,0.9999196092423535
151,4802.509766,7448.804387819999,14155.217451079236,287.3938398933866,0.9729621351487325,0.9994640114128213,0.9782870478434976,0.9508947172350127
152,4672.660156,7444.8119136800005,13847.865891799065,273.28128412050637,1.0586988515841038,0.9821800689878781,0.992991442961927,1.0486698255047477
153,4946.939941,7312.14587898,13750.812333840806,286.58183653236483,0.9989225504931191,1.0071617405706497,1.0236689352550046,1.000026115101723
154,4941.609863,7364.513570779999,14076.279420674204,286.5893206461778,1.0189898301568936,1.0150924285876803,1.0089360915059895,1.0050001844990748
155,5035.450195,7475.6619659299995,14202.066341641226,288.02232012487315,1.0070121974466277,1.021290830044935,0.9979063336097389,1.01764485274296
156,5070.759766,7634.82501432,14172.331952669474,293.10443155016225,1.0097185185798843,1.0079957091387821,1.017606521623586,1.007364970275132
157,5120.040039,7695.87085446,14421.857421650786,295.26313697603865,1.0044179570526206,1.0045317673593481,1.0063636253077843,1.0095510641747605
158,5142.660156,7730.7467508,14513.632718524459,298.0832141457379,1.0045171137690088,1.0047366435417395,1.0069715859404118,0.9924678813023888
159,5165.890137,7767.36454247,14614.815756329224,295.83801599502675,0.9998567071733294,1.002504189134377,0.9910822406332352,1.0086993460881262
160,5165.149902,7786.81549236,14484.484346224679,298.4116132821921,1.0055428948904104,1.0017358688687645,0.9980208861259684,1.010054245355703
161,5193.779785,7800.33238296,14455.817902296872,301.4119168591224,1.002246997462947,0.99962662769264,1.000221065577232,0.9909182805889978
162,5205.450195,7797.41995486,14459.013586025801,298.67457840307554,1.0076899756025808,0.9942363930312631,0.994961087399368,0.9944227826092638
163,5245.47998,7752.478690870001,14386.155880274466,297.0088053502351,1.0132113372397238,1.0129408031921645,1.0165263346697573,1.0118536383879055
164,5314.779785,7852.801991859999,14623.90630696318,300.5294403268806,0.985882804549728,0.999545415494533,0.9921405464270241,0.9932072365413491
165,5239.75,7849.2322297499995,14508.970394288053,298.4880149263794,1.0022024025955438,0.9983413541084115,0.9980592317949206,1.0014611072499662
166,5251.290039,7836.213132960001,14480.811845858381,298.92413792901635,1.0014091588819207,1.0048348152043802,1.0086680227836573,0.9978230599765099
167,5258.689941,7874.09977536,14606.331852864138,298.2733980091714,1.0085230020219593,1.0037177510718882,1.0044214486562726,1.0087014846451032
168,5303.509766,7903.37371824,14670.912999208056,300.86881940199095,0.9921505031881183,0.9958561696286213,1.0011710086523367,0.9957937342749651
169,5261.879883,7870.623478190001,14688.092765267806,299.60328519920864,0.9985613841120822,0.9982796581709794,1.0095992258640392,1.0021771175873095
170,5254.310059,7857.083315399999,14829.087085233572,300.25555678063154,1.0156614356739466,1.0067337049686493,1.0101536524444954,0.993287010673585
171,5336.600098,7909.9905963599995,14979.656481566188,298.2399444327664,1.0088126867549294,1.018532931003415,1.008198676885659,1.0145967815442658
172,5383.629883,8056.585906320001,15102.469844916715,302.59328774942543,1.001032771219574,1.0034062582288699,1.0019773960850993,1.0019749405137102
173,5389.189941,8084.02871836,15132.333409663384,303.19089149257854,1.0067932035056844,1.0023613198363144,0.9967031013470666,0.999135458950572
174,5425.799805,8103.1176957299995,15082.443640029327,302.92877052107053,1.0047182162851658,1.0008869997191068,1.01494365158255,0.9933699216370214
175,5451.399902,8110.305158850001,15307.830422799372,300.92032903411507,0.9978720884160884,1.010323961483574,0.9968529325851055,1.001602536970702
176,5439.799805,8194.035636929999,15259.65564848305,301.402564986628,0.9907882889451297,0.9908931310044977,0.9778105336770001,0.9938196878100909
177,5389.689941,8119.41362784,14921.05203337046,299.5398030401713,1.0010075117603134,0.997091114794421,0.9928207996128181,0.9817975285871944
178,5395.120117,8095.79518566,14813.930810835327,294.0874383383352,1.0136901239264846,1.0014159930404745,1.0137215255798337,1.020131244351221
179,5468.97998,8107.258775300001,15017.20054139409,300.0077844201488,1.0031066551828922,1.0039392806156995,1.0084908640396641,1.012378390850669
180,5485.970215,8139.195542639999,15144.709549447436,303.72139803394464,0.9976959158536007,1.0068580344712907,0.9915494507873382,0.9960970928541598
181,5473.330078,8195.01442624,15016.728436088362,302.5360016192134,1.0109512748447107,0.9957637538344238,1.0206564901542052,0.99213392398686
182,5533.27002,8160.2983278,15326.921339176795,300.1562304337652,1.0015741071678264,1.0066690577959143,1.002896458359627,1.018746477474451
183,5541.97998,8214.719828980002,15371.315128616998,305.7831024464079,1.0019704008385826,1.012757480412209,1.0096631382788306,1.0062210759185237
184,5552.899902,8319.51895629,15519.850272232303,307.6854023413287,0.9965603383210417,0.9964884093367068,1.0003264420687392,0.9997824790361888
185,5533.799805,8290.3042112,15524.916604261693,307.61847431606077,1.0064422984669212,1.0025857618651726,1.0035021801357413,0.9987098814014367
186,5569.450195,8311.74096368,15579.287658802177,307.22161000108395,1.00137170613481,1.0012724411246952,1.0029991510016456,1.0042136453441872
187,5577.089844,8322.3171647,15626.012294988997,308.5161329076987,0.9992200932526343,0.995365046166035,1.003544032053202,0.9945859695573492
188,5572.740234,8283.743608850002,15681.391383426168,306.84581717208755,0.9996105309221561,1.0086913866181322,0.9996991511248958,1.0094483899277802
189,5570.569824,8355.7408272,15676.673654468395,309.7450161004378,0.9974725045291883,1.0005996766754288,1.0017628028646135,0.9893129535463199
190,5556.490234,8360.75157008,15704.308539694102,306.4347567245765,1.0069503638760466,1.0007618483753058,1.0041124240121393,1.0056815185216084
191,5595.109863,8367.12119508,15768.891315226785,308.17577147057176,0.9961430466016928,1.0026207426256588,1.0042769883378944,1.0049106101762053
192,5573.529785,8389.04926625,15836.334679483534,309.6891025500151,0.9989001793770804,0.998238330192021,0.9986740930277629,0.9970459190911212
193,5567.399902,8374.27053144,15815.337172917327,308.77425588448426,0.9935229984131289,1.0043765327311083,0.9956921546417454,0.9932501176106834
194,5531.339844,8410.920800520002,15747.207146087743,306.69006597241525,0.9920851391824191,0.9977049838967919,0.9966578950340111,0.9956433078849959
195,5487.560059,8391.61760184,15694.578326884348,305.35391178024315,0.9979645011845145,0.9864125861353599,0.9828812156571023,0.9798415297829816
196,5476.390137,8277.59722049,15425.906225153698,299.19844404397105,1.0146775304514795,0.9957479263713296,1.0097051306152371,1.0097447447065162
197,5556.77002,8242.40026764,15575.616659927215,302.1140564977664,1.0,1.0170051153121362,1.0032030838089914,1.015526668072985
198,5556.77002,8382.56323464,15625.506665465684,306.80488117319027,1.010040012237181,0.9926134167942655,1.009377748586751,0.9903940978903235
199,5612.560059,8320.64473383,15772.038738515024,303.85774351786966,0.9994707914091293,1.020036025368585,1.012074794287204,1.0008377190783775
200,5609.589844,8487.3573828,15962.482861772405,304.11229094672734,1.0050235715593612,1.0031724181197512,1.008359985270453,1.0026737833593558
201,5637.77002,8514.282829149999,16095.928983376682,304.92542132963626,1.0037177749226458,1.0088810821260383,1.0024709630833752,1.00796218782822
202,5658.72998,8589.898874199998,16135.701429687235,307.3532948078619,0.9998974897190623,1.006684125412984,1.0052103984319825,1.000868841479432
203,5658.149902,8647.31483556,16219.774863115415,307.62033609923105,0.997099817381261,1.0000519059440456,0.9936629380351405,1.0016988026530307
204,5641.740234,8647.7636826,16116.989144751782,308.1429223423226,0.9918039058726361,0.9770300023207528,0.9807924368161822,1.0062354972786625
205,5595.5,8449.12457088,15807.421057421057,310.06434669602726,0.9992368832097221,0.9992298232112203,0.9912938567641116,0.9763228327253002
206,5591.22998,8442.61725125,15669.799385505152,302.7229012933849,1.0071827052622866,1.0038182579584818,1.0106649281731095,1.0216336475026377
207,5631.390137,8474.853341760001,15836.9166704386,309.2719018309418,0.9953705368717557,0.9984217767339887,0.995855366488974,1.0012875768120404
208,5605.319824,8461.478131040001,15771.278454894975,309.67011316035496,1.0037464409987964,1.0004580518438948,0.9970689493787058,0.9844365577279373
209,5626.319824,8465.3539267,15725.052039381151,304.85058023080063,1.0067788782353442,0.9971640900406676,1.0082407690577282,1.0068903506145093
210,5664.459961,8441.346945189998,15854.63856165845,306.9511076136274,1.0115774634213186,1.0051403472350733,1.0097233963999628,1.0110273101934042
211,5730.040039,8484.73839962,16008.79949717159,310.33595269149185,1.000054111140217,1.0087291715963,1.0017000489409589,0.9957362606822517
212,5730.350098,8558.80313706,16036.01523980278,309.0127610882903,1.0021499251859498,1.0132926153608295,1.0082089740728881,1.0109916646366144
213,5742.669922,8672.57201511,16167.65447313876,312.40932572660705,1.002314261341939,1.0033421539780238,1.0029101183729827,0.9997323080941611
214,5755.959961,8701.557086169998,16214.704261469076,312.32569627880144,1.0046456601819995,0.9969067755456346,1.0003898796076924,1.0014354197264808
215,5782.700195,8674.641217,16221.026044005388,312.77401474432685,1.0010651888896687,0.9996714205719063,0.9986318449335232,0.997423958741411
216,5788.859863,8671.79090835,16198.83316503983,311.9682959777309,0.9942355438221463,1.0009679412498191,0.9968035366504886,1.0041733738461647
217,5755.490234,8680.18469248,16147.05418852293,313.27025630499696,1.0035618164859177,0.9990080062619567,1.0034136466139503,0.9978669483620098
218,5775.990234,8671.57400362,16202.174525378852,312.602034671652,1.0000501301055351,1.0007868830949433,1.00742698876515,1.00218027815708
219,5776.279785,8678.39751861,16322.50789354984,313.2835940597054,1.006710245251737,1.000952792970392,1.001695758712289,1.0015920179369378
220,5815.040039,8686.66623476,16350.186928516734,313.7823471607968,0.9993929065017053,1.0028440427285146,1.0058183137514582,1.0099680569370417
221,5811.509766,8711.371484700001,16445.317445961835,316.9101474631342,1.0005076469142768,1.0036825710344626,1.0039785117036626,1.0031316226035396
222,5814.459961,8743.451729,16510.74533389104,317.90259044422083,0.9978278493471942,0.9967981985298612,1.004455247210279,1.0020865304811017
223,5801.830078,8715.4569324,16584.304785979486,318.5659038892039,1.0016029088882255,0.9990498288977581,1.0041849245472474,0.9911873614985426
224,5811.129883,8707.17575708,16653.708850177365,315.75849773933834,1.0099378264060046,0.9985063587387192,0.9993738882394413,1.0086416213848355
225,5868.879883,8694.1703601,16643.281767209348,318.48716312584617,0.9978104683932582,0.9962425054919646,0.994138550492619,0.9977798218111705
226,5856.029785,8661.502062720001,16545.728011493735,317.780064872852,0.9996312061107456,0.991661185170079,0.9912947371705065,1.0025785959693265
227,5853.870117,8589.27540087,16401.69310044837,318.5994912672654,0.9859442947391243,0.994423690774294,0.9812022752914143,0.9945477775108889
228,5771.589844,8541.378945209999,16093.378588791433,316.8624159559587,0.99842160232341,0.9938013385438553,1.0030819170791574,0.990249664187782
229,5762.47998,8488.43382876,16142.977047125574,313.7729009941174,0.9973275565288818,0.9926186121887749,0.9842185977682459,0.9927825234680555
230,5747.080078,8425.77740676,15888.218233126912,311.5082524448322,1.004064648949198,0.9994982465823736,1.0049942630366446,0.9993341370825803
231,5770.439941,8421.54974415,15967.568174166761,311.30083065105896,0.9759065536732878,0.9946541686366844,0.9890885609008679,0.9941872342638316
232,5631.410156,8376.5295594,15793.3390264731,309.4913118490097,1.008131185214988,0.998125770406626,1.0150589620247443,0.9987000750268109
233,5677.200195,8360.83001981,16031.170319116673,309.08899636375213,1.006039955932891,1.0038948381097144,1.0036476900028393,1.0010177944867116
234,5711.490234,8393.3940992,16089.64705882353,309.40358544015436,1.0091849865535463,1.004451945446427,1.0140890983954374,0.9958530031884542
235,5763.950195,8430.76103184,16316.335679383154,308.1204897578532,0.9942643400998367,1.0018214766747633,0.995187788881884,1.005247109372008
236,5730.890137,8446.11746641,16237.818027419913,309.7372316673693,0.993266258630426,0.9895612847251253,0.985603668296921,0.999800277002585
237,5692.299805,8357.950851,16004.05301296294,309.6753700190497,1.0085220834569166,1.0056216233952104,1.0069312058709003,0.9994420584444286
238,5740.810059,8404.93610304,16114.980399164591,309.5025892613791,0.9971955006637504,1.000364990034712,0.9987954704699675,1.0005134008180951
239,5724.709961,8408.00382096,16095.569429397903,309.66148814390846,0.9881898186177821,0.9813484453362088,0.9807039911460828,0.9924257219062536
240,5657.100098,8251.18147808,15784.989179179402,307.3160259177831,1.0015025366093495,1.002766933222915,1.0099501895448189,1.0044382504841802
241,5665.600098,8274.01194624,15942.052813475151,308.67997141860906,0.9916302031241598,1.0057973916827372,1.0020353503179225,1.007218364670326
242,5618.180176,8321.97963428,15974.500475737394,310.9081360187344,0.9931169153020059,0.982899062466606,0.9838498737975455,0.9894247730442485
243,5579.509766,8179.6659804,15716.510277033065,307.6202119179466,1.0022332515799024,1.0024548934941986,1.0023852642494795,0.9953191176071067
244,5591.970215,8199.746189200001,15753.998307123447,306.1802778842818,0.9869991805741404,0.9915221745166256,0.9915822545754054,0.9853651737768272
245,5519.27002,8130.230172,15621.385159954587,301.6993827244826,0.9972423499946828,0.9951754381105854,1.0106862149407856,1.0012456392904987
246,5504.049805,8091.00537336,15788.318639446661,302.07519132952336,1.0214860435842297,1.0102192627324462,1.0122990988463316,1.0015975994177433
247,5622.310059,8173.68948304,15982.500731010594,302.5577864793061,1.0082848646750522,1.0119320242238672,1.0054268170198954,1.0158754483130499
248,5668.890137,8271.218143950002,16069.234837998132,307.3610269802691,1.0064086756176274,1.002279339045578,0.9952183857878963,0.9992177317286174
249,5705.220215,8290.07105442,15992.39795631913,307.1205882010029,1.0105937963342928,1.0062492272587191,1.0205880896753043,1.004159397521095
250,5765.660156,8341.877592429999,16321.650879566983,308.39802481424334,1.004665537383782,1.0121178114219433,1.00790805289224,1.0120032307676732
251,5792.560059,8442.962892,16450.723358011273,312.0997974743833,0.9997013443136749,1.0034327869126918,1.005986147216838,1.0041387524459013
252,5790.830078,8471.94578452,16549.199809855807,313.3915012745457,0.9979778441359406,0.9963298456610978,0.9948038319678656,0.9954272635390107
253,5779.120117,8440.85243594,16463.20738684643,311.9584445301034,1.004396805653036,1.001136003077032,0.9971383979332686,0.9952467610564663
254,5804.529785,8450.44127028,16416.0962385632,310.4756315027987,0.9985235972046959,0.9942523576667149,0.997168557042394,1.0055841116754558
255,5795.959961,8401.8711563,16369.61499847714,312.209362101618,1.00093857463416,0.9944742572367123,0.9987328772243199,0.9979874458595839
256,5801.399902,8355.44457756,16348.872686483455,311.58102385724374,1.009747697789374,0.9985296503655838,1.0232883225068465,0.9931764642822586
257,5857.950195,8343.15915268,16729.610506229656,309.4549396119834,1.0029873931012485,1.0093123447243653,0.9992267378797624,1.0169858862909666
258,5875.450195,8420.8535268,16716.674132138858,314.7113060284105,1.0095669198332808,1.008017938866306,1.0069322249820745,1.0103702469189573
259,5931.660156,8488.371415579999,16832.55787817487,317.97493998011265,0.9987996417844678,1.0012581283225188,1.0037684220158891,0.9982408332579494
260,5924.540039,8499.05087607,16895.99005986671,317.4155690408941,0.998269907886093,1.0056398991897983,1.0066828160932573,1.0009694451792408
261,5914.290039,8546.984666220002,17008.902854150303,317.7232860341168,0.9905043283928131,0.995562914856992,1.0004370519329255,0.9955490677079611
262,5858.129883,8509.06096754,17016.336628019653,316.3091212003749,0.9987658209796644,1.0005222243014773,0.9948344226753056,0.9980451915404404
263,5850.899902,8513.50460596,16928.43742538459,315.6907974544165,1.0039737476951285,0.9974067273136208,0.9991280693847583,1.0065866715373983
264,5874.149902,8491.426767,16913.677002525194,317.7701490446281,1.0058051119853768,1.0015198531311789,1.008095967962415,0.9974896628200226
265,5908.25,8504.332488560001,17050.609589664273,316.97243882479444,1.0076807655397113,1.004961047707948,1.004517055504205,1.0153571696684727
266,5953.629883,8546.52288776,17127.628139561315,321.8402383480564,1.0029662838213083,1.005708052746207,0.9947706202765468,1.0012662293577184
267,5971.290039,8595.3068912,17038.061268257446,322.2477619063478,1.0019442805363954,1.0044368817824345,1.008628951620426,0.9998388029587203
268,5982.899902,8633.44325176,17185.081874647094,322.1958165205695,1.004247130558127,0.9968563673880098,0.9948942963434997,1.0049734363329277
269,6008.310059,8606.302878,17097.33993928245,323.79823690077023,0.9951783089228884,0.9950059136647551,0.9942055924683625,0.9841699539057571
270,5979.339844,8563.322258400001,16998.270983967304,318.6724958853965,1.0015286195865203,0.9965264125531627,0.9959361827919613,0.9991550998095208
271,5988.47998,8533.5768097,16929.19311783575,318.4032494329224,1.0045220288103893,0.9950700259904873,0.9984953813864413,0.9966703873895105
272,6015.560059,8491.506497819999,16903.721138758126,317.3430899583897,1.0022890668308428,1.0021329620008714,1.0016927136249274,1.010584752386452
273,6029.330078,8509.618558510001,16932.334297841677,320.70208798715083,1.0047169323344516,1.000177890254374,1.0031914711548666,0.9996138520905249
274,6057.77002,8511.13233672,16986.373354337797,320.5782495463103,0.9968024342396544,1.0036592121997252,1.0082900014445317,0.9994868929463229
275,6038.399902,8542.276376000002,17127.19041398261,320.41375858521263,0.9934833569093416,0.9908364835104227,0.9880383752090622,0.9940573051086146
276,5999.049805,8463.99908557,16922.321388527605,318.5096373789387,1.0036839329091052,0.9969490824905657,0.9977452744876519,0.9826977540065909
277,6021.149902,8438.176122559998,16884.16619876474,312.99870528173676,0.9938633471012361,1.0076590048538112,1.0031607233346531,1.025081995296167
278,5984.200195,8502.80415444,16937.532376855335,320.84933733531966,1.0028541140743035,0.9998603940701867,0.9987967796581503,0.993876793191793
279,6001.279785,8501.61711256,16917.152793358764,318.8847104885393,1.0068652348292408,1.000046422831654,1.0080900538088216,1.0086499193934062
280,6042.47998,8502.011781700001,17054.013469749094,321.64303753005487,1.004728162127895,0.9923705837611728,0.9929271828095297,1.0010591188311069
281,6071.049805,8437.14639495,16933.393550113742,321.9836957279974,0.9947422730787496,1.0019516139437685,0.9942513991814811,1.0025622142518487
282,6039.129883,8453.6124475,16836.050230091256,322.8086869420545,1.0074000629007502,1.0006055977999693,1.006072296224933,0.9911073649704365
283,6083.819824,8458.7319366,16938.283714346224,319.9380671047062,0.9983875166780416,1.0020835667014985,0.9971489728441459,0.9983938522321141
284,6074.009766,8476.3562688,16889.992207503063,319.4241992923642,0.9975222619686515,0.9995303816175528,0.9848907759299863,1.00219805384271
285,6058.959961,8472.37561608,16634.797530699114,320.1263108810734,0.9891416943793203,0.986632089745284,1.0027616411837286,0.9941263187835627
286,5993.169922,8359.1176592,16680.73687264288,318.24599098196387,0.9910998945976489,0.9941830029971543,0.999196103147852,0.9985311437147006
287,5939.830078,8310.492696829999,16667.327280779453,317.7785333578387,0.9928061948845534,0.9793096258666363,0.9649173274938713,0.9915886996402882
288,5897.100098,8138.5454936999995,16082.592896235403,315.1056026658972,0.9702734750832103,0.9755567290600031,0.980658419464879,0.9904758163906197
289,5721.799805,7939.61282114,15771.5301305193,312.10447904976274,1.0130938537791083,0.9958342338744862,1.010890981797411,1.0027436881107104
290,5796.720215,7906.538251,15943.297578088106,312.960796398231,1.0007934847343671,0.9991221238094786,1.0027931252689708,0.9896869386902709
291,5801.319824,7899.5972893200005,15987.829205424185,309.7332125174344,1.0190198670901616,1.0080105507701707,1.0228198029469728,1.0057856942529029
292,5911.660156,7962.87741447,16352.668317441821,311.52523418502966,0.9935398957328021,1.0064154886294203,0.9873421998251385,1.0067850395548557
293,5873.470215,8013.96316398,16145.679509553855,313.63894522131073,1.002841580937514,0.984992376397414,1.0093968075382407,0.9937540766686273
294,5890.160156,7893.692621249999,16297.397352479247,311.6799804157258,0.9709922401980948,0.9911536196048458,0.9755589093647126,0.9980910864146132
295,5719.299805,7823.8620136,15899.071186668009,311.08501026681716,1.0026559945304354,0.9904747353838224,0.9942509475417234,0.9942083024453415
296,5734.490234,7749.337657599999,15807.66659237798,309.28329997356394,1.0145923499012799,1.0092707489393682,1.0094948034322668,0.9990697778155181
297,5818.169922,7821.17982147,15957.75727939542,308.99559778663877,1.0121619435232438,1.0128733145098658,1.0115957904432058,1.003786018597152
298,5888.930176,7921.86432915,16142.800088750833,310.1654608662971,0.9921597966659268,0.9981484880779858,0.9940299858849628,1.0041883135581333
299,5842.759766,7907.1969029,16046.427344364767,311.4645310713081,1.008288921150211,1.0026659049343096,1.0183389684014381,0.9999784838225203
300,5891.189941,7928.27673814,16340.702268389045,311.4578295451789,0.9995213489926077,0.9957255741115881,0.9906835902749207,0.9974262335633054
301,5888.370117,7894.387906800001,16188.4655908612,310.6562098370498,0.9740606940519869,1.008627603824906,0.9880067885115883,1.0052352021954123
302,5735.629883,7962.4975581,15994.313899357127,312.2825579088072,1.0078736175313285,0.9904886209009937,1.0131022372248302,0.9922625965754935
303,5780.790039,7886.763225249999,16203.875194314902,309.8663017758299,1.0065821115700964,1.0057652786385711,0.9953777705759168,1.0034133530370732
304,5818.839844,7932.2326128,16128.977165607568,310.9239848580831,1.0128565246691124,1.0023390448094096,1.0147366848483486,0.9967277734257899
305,5893.649902,7950.78646032,16366.664819023335,309.90657113227115,1.0007771208124265,1.0081315693111192,1.003428415640553,1.0083991545641655
306,5898.22998,8015.438831500001,16422.776548672566,312.50952432366165,0.9931708690341708,0.9983587025493477,0.9889474855490676,0.9984724361558605
307,5857.950195,8002.28311218,16241.263573543929,312.0321460733556,1.0109269904777671,1.0059971980330156,1.0126299165193273,1.0043026408897284
308,5921.959961,8050.27438872,16446.38937664618,313.3747083439605,1.013242224283252,1.0122450251159294,1.016647171145256,1.016697249100112
309,6000.379883,8148.8502008000005,16720.17523532073,318.6072039108546,1.0009482634618052,1.0052217581807825,1.0020210504647151,0.998374556942297
310,6006.069824,8191.401526,16753.967553250193,318.08932604312355,0.9999867484058074,0.9914354165123855,0.9958991547766146,1.0068004173693583
311,6005.990234,8121.24558375,16685.262125436693,320.2524662209547,1.000354626450763,1.0041554983372905,1.003281843829605,0.9997914664984806
312,6008.120117,8154.99340627,16740.0205499884,320.18568285280344,1.0072818118060272,1.0102956407414685,1.004621357876557,1.0071462126048485
313,6051.870117,8238.95428863,16817.382175810817,322.47379781549813,1.003033750335855,1.0032535980964226,1.0010617874795873,1.003567112538387
314,6070.22998,8265.76053462,16835.23866164453,323.62409814298707,0.9995502674513166,1.0016301183519127,1.0063112852895504,1.0090615091829729
315,6067.5,8279.23470256,16941.490655755835,326.55662088014105,0.9994742577667903,1.004461469571406,0.98826622756268,1.000731252648409
316,6064.310059,8316.172256259999,16742.703059652213,326.7954162740151,1.0003479147635053,1.007086744416055,1.0071662196483324,0.9988376899593013
317,6066.419922,8375.106843560001,16862.684947284488,326.41557868042554,1.0000791208004345,0.9961072250672157,1.0029056670042833,1.0006837751167956
318,6066.899902,8342.50443758,16911.682294539438,326.63877353086167,0.9951540486121572,1.0086859923794083,1.0071573820406943,1.0051311510483085
319,6037.5,8414.96736755,17032.7256656723,328.3148064160828,0.9915660584679089,0.9873374461081217,0.9841221578728337,1.0048659752174074
320,5986.580078,8308.41238976,16762.282736557423,329.9123781276113,1.0061604259058572,0.9946245689471257,0.9941772384017101,1.0006327122608891
321,6023.459961,8263.751091799999,16664.67996033932,330.1211177342717,0.997630926395727,0.9988078621572019,1.0007418537895671,0.9963572819204781
322,6009.189941,8253.8995614,16677.042716319822,328.9185795702691,0.9948279088687239,1.0078924099203541,1.0021216596702986,0.9989851444658929
323,5978.109863,8319.04272018,16712.425725270885,328.5847747295216,1.005098598336014,1.0037966783177328,1.008435978619317,0.9926435274097735
324,6008.589844,8350.6274493,16853.411391366197,326.1675498406581,0.9877858780670002,0.9930743171993802,0.9820026606305265,1.0047842765884276
325,5935.200195,8292.7936524,16550.09482702243,327.7280256132656,0.9820949562763652,0.9684742411377452,0.9718982500897694,0.9981943607308432
326,5828.930176,8031.35703942,16085.008201202843,327.13626702061504,1.008222724505664,0.9858615927168145,1.0055874350692995,0.9851893815115441
327,5876.859863,7917.8064425600005,16174.882140116215,322.29117657603507,1.014220232394199,1.0135361383506296,1.0101869684086193,1.006372638656848
328,5960.430176,8024.982966,16339.65515349072,324.3450217866445,0.9955254219557189,1.0072062350418702,1.0070927493009245,0.9989473398827922
329,5933.759766,8082.812879460001,16455.548231157987,324.0035967179948,0.9844634859455819,0.9976612369342314,0.9869287864541577,1.0053568957976409
330,5841.569824,8063.90909523,16240.454246214615,325.73925022367393,1.0094204598520604,0.9939748242277756,1.0066885509050632,0.9966078965741545
331,5896.600098,8015.322625520001,16349.07935116177,324.6343089970579,1.0064376013921779,0.9993823993429487,1.0152717484376688,1.0024218123259665
332,5934.560059,8010.372357000001,16598.758378200197,325.42051236801854,1.0110336704572898,1.0200468377927114,1.0194650896679083,1.0048739340393336
333,6000.040039,8170.9549922999995,16921.854698407806,327.0065904803464,1.0085582925557541,1.018908828285751,1.0080977628397254,1.0139573803450628
334,6051.390137,8325.45817718,17058.883864563806,331.5707458390228,0.9980665275688536,1.0080212869536773,0.9996156142114005,1.0079753757806493
335,6039.689941,8392.239066240001,17052.3266720369,334.2151471349592,1.0028395336793003,1.006902448858139,0.9994448451802552,1.000349924598626
336,6056.839844,8450.1660672,17042.859990697056,334.3320972361751,0.9961068678374649,1.0012624831411785,0.9981968190509017,1.0027038705307878
337,6033.259766,8460.834259399999,17012.128630243682,335.2360879413885,1.0069017641565279,1.0015141318228482,1.0047179962531774,1.0040992808818847
338,6074.899902,8473.6450778,17092.391789379744,336.6103148276045,0.9993366499753069,1.006460682550114,0.9985293166359461,1.0026980282940134
339,6070.870117,8528.39060869,17067.254293123213,337.51849898106616,1.0019222816128648,1.0117336372947123,1.0057436448276014,1.0040630285058825
340,6082.540039,8628.4596508,17165.28253996527,338.8898462636889,1.0040903771846095,0.9969102184261212,1.0040824783922042,1.002495236057961
341,6107.419922,8601.79959516,17235.359435030758,339.735456427763,1.0055817095328916,1.0009798385322466,0.9996947421674451,1.0017781030492738
342,6141.509766,8610.22796985,17230.098206566316,340.3395410787836,0.9991794279921365,0.9982903180564385,1.003016556130603,1.002586865207193
343,6136.470215,8595.50721856,17282.073764942226,341.21995359623236,1.0033341579577764,1.0025718831452162,1.0058994218969854,0.9951350832107357
344,6156.930176,8617.613858699999,17384.028009336445,339.5599469151501,0.9970439495853072,0.998394314966198,0.9973017837034526,1.0044293686932966
345,6138.72998,8603.7766851,17337.122141662017,341.0639831135135,1.0097511804876618,1.0033714559944629,1.0058247169096894,1.0040727383426886
346,6198.589844,8632.78393958,17438.105970165907,342.45304747485,1.002531211355303,1.0129514214235553,1.012468155801667,1.011016117921382
347,6214.279785,8744.59076244,17655.526992287916,346.22555062836955,1.000775683291833,0.9983279090311689,0.9984939495024352,0.9980786717360715
348,6219.100098,8729.9690112,17628.936877076412,345.56033769225303,1.0031982337776484,1.0034303231364947,1.0037888428213528,1.0032818632340499
349,6238.990234,8759.915625880001,17695.730148011204,346.6944194596711,1.002743974322432,0.9877262132716947,0.9952035033708077,0.9993296319001971
350,6256.109863,8652.398289730001,17610.85263800517,346.46200658048565,0.9980339533241347,0.9889319103763785,1.0009469735909884,0.9978720195366718
351,6243.810059,8556.63277,17627.52965036815,345.7247421991969,1.001617617593194,1.0144995828937506,1.0055862047400552,1.0097675634774994
352,6253.910156,8680.70037614,17726.0006400565,349.10163056436966,1.0007467203531089,0.9959020406650855,0.9957730180414219,0.9919210094158863
353,6258.580078,8645.127219,17651.073155153237,346.2812417781414,1.0010928747279344,1.000934242885663,0.9990594458836275,0.9941319911814508
354,6265.419922,8653.203867600001,17634.471365638765,344.2492603976891,1.0078718286426134,0.9953601603204644,1.0071381148599277,1.0098307118310417
355,6314.740234,8613.05438894,17760.3482477408,347.63347567470805,1.0005193857353532,1.010021852808783,1.001577896961745,1.0029544197433178
356,6318.02002,8699.37315226,17788.372247280444,348.6605308786796,0.9994682093457501,1.0042559608539592,0.9980574359796202,0.9950385129097914
357,6314.660156,8736.397343850002,17753.817195371754,346.93065615585977,0.9964384094401929,0.9862483641000402,0.9981477365429898,0.9958305971192869
358,6292.169922,8616.2575885,17720.932448558327,345.48416247867584,0.9984774603803206,0.9972442959166297,0.9977219483530196,0.9949457595889587
359,6282.589844,8592.51373228,17680.563249207862,343.73800246330137,1.0021885878819754,1.005156840023838,1.0008504798769575,1.0022362977741728
360,6296.339844,8636.823950999998,17695.60021246459,344.50670299310866,1.0076266561509952,1.0069991952948167,1.0017416628352764,1.0064409142562074
361,6344.359863,8697.274768559999,17726.419981702547,346.725641127776,1.0022224618881144,1.0113699936625522,1.0000654474095114,1.0010444463645471
362,6358.459961,8796.16272756,17727.58012997026,347.0877774631472,1.0042934618079606,0.9992651552011712,1.000269071734091,1.001792223114889
363,6385.759766,8789.698913130002,17732.35012069707,347.7098362008121,0.9962103637019283,0.9978230316625046,0.9953666198864675,0.9900956991252492
364,6361.560059,8770.5640169,17650.189402281634,344.26601336596894,0.991404596436586,0.9905390085540555,0.9810156207420423,1.0099015904694808
365,6306.879883,8687.58578576,17315.111512693933,347.6747944428796,0.9933945677144904,0.9825784777828517,0.9951589037902671,0.9983138417750632
366,6265.220215,8536.23481698,17231.287391978727,347.08855972862654,1.006427550448041,1.005122884798461,1.0132141722408954,0.9928995607283784
367,6305.490234,8579.96496456,17458.984591508703,344.6240784883988,1.0017761833869172,1.00753493766665,1.0001217162346063,1.005469558068683
368,6316.689941,8644.61446575,17461.10963337323,346.5090198975575,1.0091836475340465,1.0045345299602784,1.0146453455919455,1.003197364797951
369,6374.700195,8683.813729039999,17716.83361837283,347.61693563995044,0.9969205812980197,1.009751616001022,0.9899311922174645,1.0042921867316323
370,6355.069824,8768.49494595,17538.446226154272,349.1089724387949,0.998936319318716,0.9893912402808688,1.0024000474884298,0.9995385860879962
371,6348.310059,8675.47208997,17580.539329970314,348.9478887021063,1.0029188531794742,1.0069645319094338,1.0047095150850764,0.9975449043567189
372,6366.839844,8735.892692169999,17663.335145148587,348.09118826082164,1.0087186509100448,1.008275792592416,1.0078922963665282,1.0033920438441792
373,6422.350098,8808.1891282,17802.739420935413,349.2719288331748,1.0002460280077992,1.021884827115354,1.0104419628939314,1.0174424091684373
374,6423.930176,9000.954824469998,17988.63496537915,355.36407272693236,1.007176231331441,1.0087473658367838,1.0067231877471934,0.9971733737987465
375,6470.029785,9079.6894692,18109.57593556712,354.35959132797825,1.0003416443313946,1.0134089048742243,0.9972154252120005,1.003136158053203
376,6472.240234,9201.43816158,18059.14846699558,355.4709190140512,0.9996538703881491,0.9910509247267646,0.9998412188578414,0.995072847952521
377,6470.0,9119.093798849999,18056.281014775577,353.7194597476119,1.00452237496136,0.9988704253726068,0.9989410628128996,0.9967741791339866
378,6499.259766,9108.79310187,18037.160547348296,352.57842413364307,1.004999066842961,0.999748952406271,1.0091556829568162,0.9995123481199683
379,6531.75,9106.50636128,18202.303070761012,352.40648860225565,1.0008649905461784,0.9984211043786084,0.9971526819784183,0.9991285293411885
380,6537.399902,9092.128138260001,18150.475325193343,352.099376687464,0.999874594791157,1.0025825442363918,1.0012940377062522,1.0014676623082461
381,6536.580078,9115.60896138,18173.962724650544,352.6161396713851,1.0052702952597408,1.0063009714055686,1.0019560244285912,1.0005168198847716
382,6571.029785,9173.04615279,18209.511439704267,352.7983787040587,0.994351017996489,1.0022226088379376,0.9981079968477553,0.9934367404656858
383,6533.910156,9193.43424624,18175.05898665951,350.48287138133867,1.0080548831776743,0.9914355614636388,1.0046603506188234,0.9942046937511441
384,6586.540039,9114.6976437,18259.76113405514,348.4517158067054,0.9972975485012457,1.0114297248293262,1.0030223263729117,1.011839650609684
385,6568.740234,9218.87612967,18314.948091693663,352.5772623762017,1.004933924442962,0.990829609822187,0.9992262210178908,0.9878188898150327
386,6601.149902,9134.33543856,18300.77636980189,348.28247989448306,1.0069215125664934,1.0059848025822686,0.9981856722694881,1.0135363467173533
387,6646.839844,9189.002632880001,18267.57276374426,352.9969522979144,0.99714605324557,0.9986694768171842,0.9989103042130971,1.000295980951782
388,6627.870117,9176.776451849999,18247.666666666668,353.1014326718317,1.0055508086837182,0.9942173018653733,1.0030404657315686,1.0028790700296115
389,6664.660156,9123.70992378,18303.148071847754,354.11803642405005,1.001889045158389,1.0053687102351132,0.9981957526844507,0.9967306640701943
390,6677.25,9172.69247863,18270.12466607302,352.96030560417665,1.0084016770377027,0.9999444505742248,1.0031423126548835,1.0004277933086965
391,6733.350098,9172.18294083,18327.53511001752,353.1112996611496,1.0038850895348173,1.004790608179477,1.008907496683674,1.0018556299881278
392,6759.509766,9216.12327545,18490.78756822992,353.7665435779476,0.9973667017851601,0.9866532910342397,0.9872349781555204,0.992668209640586
393,6741.709961,9093.118360299999,18254.752260999834,351.17280144425956,1.0003248346506552,1.0049972778841627,0.9931958502409153,1.009416887968259
394,6743.899902,9138.55919958,18130.544192801,354.47975637295986,1.0012144222362451,0.9993742616363132,0.9944516335274772,0.9918076216919826
395,6752.089844,9132.8408525,18029.94928927307,351.57572410621873,0.9909850682668138,0.9986985880284176,1.0050382866882548,1.0029425715596139
396,6691.220215,9120.95526408,18120.789342767122,352.6102608330243,0.9842674405239255,0.9803544742812557,0.9706060485064807,0.9864541551697126
397,6585.950195,8941.769302859999,17588.147739801545,347.833856954213,1.010074417211714,1.0022418226305156,1.0101994949074886,0.9934479071166523
398,6652.299805,8961.81516364,17767.53796310581,345.5548172154759,0.9991567030704503,1.004253236870433,1.0051594563917068,1.0050945307329326
399,6646.689941,8999.93188632,17859.20880041445,347.3152568516931,1.003284353444162,0.9857917373492161,0.9857240991508066,0.9841914695533579
400,6668.52002,8872.05849024,17604.25250633469,341.8247130391698,0.9823768962757047,0.993861931219242,0.9899584184586017,1.0109182016166103
401,6551.0,8817.601185,17427.477969316966,345.55682417367143,1.0072706278430774,1.0084814672846876,1.0100319120250596,0.9945617625470595
402,6598.629883,8892.387380979999,17602.308895123817,343.677604110331,1.014981951216069,0.9915964095424098,1.0151159417074058,1.0026832236377308
403,6697.490234,8817.65939924,17868.38437029826,344.5997679814385,1.011271348424933,1.0139523740575198,1.0070573272427168,1.0024716564712988
404,6772.97998,8940.68668149,17994.487406098102,345.4515002279779,1.0034933156557182,1.0073012926742133,1.0047116785843562,1.020336616244864
405,6796.640137,9005.96525166,18079.27164704588,352.4768148193268,0.9947944322066731,0.9893574596135231,0.9968485342720987,0.9966917646334625
406,6761.259766,8910.11890275,18022.2954420648,351.31073855465706,1.0074794215501526,0.9952282697443153,0.9946060930326148,0.9969689382946423
407,6811.830078,8867.6022188,17925.08485711157,350.2458940283431,1.0082341813224542,1.0147758885487907,1.0120333688004666,1.0055822214694645
408,6867.919922,8998.628920879999,18140.784013976852,352.20104417757994,0.9986895595606509,0.9900479413933604,0.9941284842580537,0.9985696746295254
409,6858.919922,8909.07403848,18034.27011506754,351.6972820885851,1.0020061837951868,1.0064463812054927,0.9933527950078483,0.9949157188668974
410,6872.680176,8966.50532592,17914.39262472885,349.90915423269865,0.9971422885254309,0.9903285980939178,0.9973945827511423,0.9785120512971107
411,6853.040039,8879.786649220001,17867.718157181574,342.39032427587506,1.004878152733641,1.0033671687396482,1.0048241334503685,1.008103538029283
412,6886.470215,8909.68638924,17953.91441402539,345.1648972895032,0.9962317131723774,1.0028757336836167,0.9933415872599011,0.9917047975314129
413,6860.52002,8935.3082745,17834.369841556396,342.3016845814377,0.9895168410280363,0.9876758859306215,0.9925920318133248,0.9894446265517577
414,6788.600098,8825.18851608,17702.253397140747,338.6885624687182,0.9373611680079259,0.9535789295136814,0.9472915589349485,0.9761559505877193
415,6363.370117,8415.51381792,16769.195217238946,330.6128556498398,0.9962299483514389,0.9868313716217756,1.0038821990755658,0.9972083135127385
416,6339.379883,8304.69304384,16834.296571409293,329.6898882082072,0.9560351381138394,0.9759414874944475,0.9671074145808696,0.9787112057533199
417,6060.669922,8104.89448239,16280.573033463239,322.67118801293174,0.991924994657381,0.9585585177598814,0.9760919563806646,0.9694859260820891
418,6011.72998,7769.01564164,15891.336383231424,312.825175530725,1.046061642475832,0.9991737302399555,1.009386666348183,1.0279129741579787
419,6288.640137,7762.596338949999,16040.503055687557,321.55705657127925,0.9719223378737915,1.02126722084229,1.019710936892067,0.980562561171517
420,6112.069824,7927.6851896,16356.676399135222,315.30681095430793,1.0422574154807298,1.011047797094024,1.0166294201753932,1.0143798867087137
421,6370.350098,8015.268647,16628.678443649376,319.8408871743167,0.966285994223861,1.001006986152987,0.977357677980095,1.0048476927366794
422,6155.580078,8023.33991154,16252.166551562814,321.39137751996475,0.9829780018012463,0.9709789926106588,0.9658867902774589,0.9859209094388147
423,6050.799805,7790.494504680001,15697.752985543684,316.8664792102771,0.9241324145907683,0.9265671322049793,0.9293308900720956,0.9704483053214865
424,5591.740234,7218.41615166,14588.406754187208,307.5025377627994,1.0494246187116423,1.0043190087513632,0.9858882171290975,1.0166258231056025
425,5868.109863,7249.59255419,14382.53832563971,312.6150205601676,0.9512023285716729,0.9761596791353316,0.9872073879343218,0.9594859624496055
426,5581.759766,7076.75994156,14198.548092320054,299.9497238783756,0.9050855692093575,0.8879062469405833,0.8729700714728038,0.9602425163225545
427,5051.970215,6283.499360210001,12394.90754296268,288.0244776272268,1.093207177192354,0.9806548652268918,1.0113978834023534,0.9386529666590847
428,5522.850098,6161.94421824,12536.183253920319,270.3550303952296,0.8802013686303749,0.9226556738441027,0.9400238383572007,0.9563900871443292
429,4861.220215,5685.35279487,11784.31110069944,258.5648710796014,1.0599869683130576,1.005421507945437,1.0291438868732103,1.005392611305195
430,5152.830078,5716.1759802199995,12127.75173029694,259.95921092651156,0.9481740540717283,0.993611766923139,0.9281983425821095,0.9722411719291059
431,4885.779785,5679.65971575,11256.959055308931,252.7430478849572,1.0047791957532937,0.9471248888243751,1.0217772455678433,0.9806367132589562
432,4909.129883,5379.34707684,11502.104617003552,247.84911177695543,0.9287796633348925,0.9958351504522811,0.9905094957086571,1.0008251876117926
433,4559.5,5356.9429056,11392.943843776404,248.05363379358755,1.093935695799978,1.012050995882841,1.0918673694393923,1.0677995131516267
434,4987.799805,5421.4994025,12439.583624874862,264.87154940028466,1.011538212287973,1.0997386261539848,1.0483770589556562,1.0775323371929955
435,5045.350098,5962.232304599999,13041.374095279249,285.4076596812187,1.0624615001692197,1.0254820740937556,1.0333579614049597,0.9569819738284939
436,5360.490234,6114.16234995,13476.407749017217,273.12998550750376,0.9663145898756245,1.0114261232334747,0.9716779140834658,1.055648249545772
437,5179.919922,6184.0235224299995,13094.727770903304,288.3291910994584,1.0336820293802218,1.0102551546578014,1.016254219343989,1.0091760810600037
438,5354.390137,6247.44164006,13307.572348341391,290.9749231289523,0.9840897021284798,1.0294667021456532,0.9942326961124215,0.9854776504785839
439,5269.200195,6431.533142039999,13230.82353460257,286.7492835933065,0.9558642584465326,0.9792614471892946,0.9566978583908949,0.9596636440889261
440,5036.640137,6298.1524523200005,12657.90054030213,275.1828624330414,1.0229974893677818,0.9913756271396715,0.9966221837589079,0.988652681922325
441,5152.470215,6243.8348372400005,12615.144478278968,272.0602749634886,0.9849955350008752,1.001250208319644,0.974730158946393,0.9931932419543563
442,5075.160156,6251.6409315,12296.36178244457,270.20842649798084,1.0703445320002232,0.9893385830327898,1.0422068403253868,1.0357931102486981
443,5432.169922,6184.9895808,12815.352360779398,279.8800264977503,0.9984076525358736,1.0325339275953918,1.0209005353977434,1.016181266979278
444,5423.52002,6386.211584,13083.200086430423,284.4088399286778,1.0343005620545307,1.0093455039180865,1.0094730961718557,1.0256307895287056
445,5609.549805,6445.893949380001,13207.13849908481,291.69846304499305,1.014616187902801,1.02010085750363,1.0114951917453239,0.9971270921715965
446,5691.540039,6575.46194514,13358.957088538838,290.8604402469778,1.0203038295800697,1.0284211863393302,1.0092676717085267,1.0273810516898616
447,5807.100098,6762.344374349999,13482.763517203713,298.82450499591624,0.9780320106684683,0.9728204077291367,0.9678784259889045,1.0003062434236794
448,5679.529785,6578.54661146,13049.675931011756,298.9160180354055,1.0058227202342245,0.992650748023009,0.9918791386683181,0.982076008384866
449,5712.600098,6530.19921477,12943.701322352623,293.55824983450964,1.026835381677368,1.0064091814037368,1.0297941788544216,1.0282592974043405
450,5865.899902,6572.052446140001,13329.348274589009,301.85399972208074,0.9821169976043685,1.0140643644489307,1.0072996592849632,0.9910589536315191
451,5761.0,6664.48418692,13426.647975484122,299.1551091140542,0.9693525327200139,0.984773650065948,0.9625869046832944,0.9802655557352118
452,5584.439941,6563.00841856,12924.315514993483,293.25144928671625,1.0229584277661767,0.9884149497378397,1.0116906386425213,0.9921128562821279
453,5712.649902,6486.975636160001,13075.409017381202,290.9385329607176,0.9995431431919036,1.0195379644365405,1.004533634424935,1.0143645677527062
454,5710.040039,6613.71793544,13134.688141822506,295.1177392293048,1.0139420848989251,1.001464989480135,0.9840611853451559,0.9927264928115604
455,5789.649902,6623.4069626400005,12925.336781980817,292.9711982315844,1.0147314674364916,1.0052571046828929,1.0299195917701505,1.0287029465010527
456,5874.939941,6658.2269064,13312.057581989393,301.3803348607749,0.9947642417949955,1.0191485042763335,1.0145296692772514,1.0013668530296866
457,5844.180176,6785.72199279,13505.477376055425,301.7922774845673,1.017196595069522,1.0146947129525714,1.0053662995914934,1.0278169611855195
458,5944.680176,6885.436229649999,13577.951813781476,310.18722155344506,0.9898160982243565,0.9821181217945492,0.9822988138213693,0.9781471854986007
459,5884.140137,6762.311697599999,13337.605960801253,303.4087577401332,1.0172531613177656,1.0151461545992255,1.002552021152989,1.0293296739311781
460,5985.660156,6864.73471602,13371.643813343451,312.3076376725151,0.9796212987672333,0.995439050696754,0.9935664744360074,0.992806267432541
461,5863.680176,6833.425009,13285.617001037703,310.06098004832415,0.9826081952052224,0.9905981011841964,0.974844170802841,0.9990931997852252
462,5761.700195,6769.1778385,12951.406288980726,309.77981668502304,1.0117378344431542,0.9610187121397195,0.9813732311382658,0.984502212392937
463,5829.330078,6505.3065686,12710.163437601472,304.97891488108365,1.0040330133455175,1.013570700176702,0.9995063781516673,1.0021124262694325
464,5852.839844,6593.5881336,12703.889423232793,305.6231603525015,1.0316188487866644,0.997879829355922,1.0529951941165534,1.0062753142091438
465,6037.899902,6579.608601600001,13377.134509252244,307.541041713305,0.9896073136324743,1.0382602084702701,0.9996568463785629,1.013179974658965
466,5975.149902,6831.345798349999,13372.544097100943,311.59442484967803,1.016838048526,1.003987962226503,1.009875195926789,1.003902768502764
467,6075.759766,6858.58894735,13504.600590099442,312.8105057566182,0.9922923894617989,1.0061719384417047,0.9935361717118716,0.9999510909481818
468,6028.930176,6900.919736130001,13417.309170785282,312.7952064913829,1.0025261496742204,0.9796515668491532,0.9970625907499563,0.9916445051822836
469,6044.160156,6760.4968322,13377.89704271632,310.1816477645376,1.0123060741410308,1.015942076030073,1.0316549391514442,1.0427674234198654
470,6118.540039,6868.2731867,13801.373559577793,323.4473176315551,1.01484665351881,1.0235163019887978,1.0252650455071404,1.0087965431652928
471,6209.379883,7029.789573100001,14150.065890621569,326.29253592279923,0.9980094851284846,1.0070346723135544,1.0209658113206042,1.0203603420128189
472,6197.02002,7079.24183918,14446.733502258456,332.9359635504174,1.0049685234032857,0.9908705049017668,0.9896414433892857,0.9996904071419385
473,6227.810059,7014.611935509999,14297.08619543541,332.83288895391036,1.0038006812628772,1.0048712283450811,1.0182910293485345,1.0078246823311814
474,6251.47998,7048.781711999999,14558.594618634646,335.4372005793441,1.00824125169797,1.0259778903024146,1.0212257955875386,1.013436255288385
475,6303.0,7231.894190080001,14867.612372051624,339.94422043954944,1.013750582579724,1.0165670305636307,1.039725857363306,1.0011679150492963
476,6389.669922,7351.705202159999,15458.24102047667,340.34124641052205,0.9968496208339822,1.014689598436057,1.0020777609847449,1.0018757423115563
477,6369.540039,7459.698799400001,15490.359550561798,340.9796388867821,1.0262248196851314,1.0069627876817462,1.0464807326698542,1.0060081725115801
478,6536.580078,7511.63909831,16210.362811791385,343.0283033801502,1.012058266411404,1.0222401991767132,0.9942216023992235,1.0092743028822295
479,6615.399902,7678.699448,16116.692890212013,346.209651762875,0.9922710822085687,0.9854845538421182,0.9832495126644623,1.007500721843984
480,6564.27002,7567.2396996,15846.730430063764,348.8064740604509,0.9946909408214746,0.9931892307041995,0.9941554608790041,1.007154720322426
481,6529.419922,7515.700975800001,15754.11359412538,351.302086829005,0.9411708663880295,0.9662868846783743,0.955732916584194,0.979215951691257
482,6145.299805,7262.323282080001,15056.724933512149,344.00060728538875,1.0133630774096953,0.9758887087329099,0.9980746069752879,0.9942039879884432
483,6227.419922,7087.21929015,15027.734820350157,342.0067756335798,1.008346952775156,0.9878084688602642,0.9919547772611906,0.9607066670315808
484,6279.399902,7000.81523548,14906.833346460679,328.5681895211541,1.0189795486606994,1.0293656759398684,1.0362302089076674,1.0473323285779887
485,6398.580078,7206.398907,15446.911032754731,344.12008702784425,0.9963991950215303,1.023509583418347,1.0023760740404084,0.9949004320517822
486,6375.540039,7375.81834325,15483.614037064159,342.36522326169916,1.0006305379584175,0.9897866072855576,0.9905415737488881,1.0003391787292506
487,6379.560059,7300.4862139199995,15337.163415593906,342.48134626306467,0.9945356946752432,0.9962444774941532,1.0013246368591944,1.0044371875914466
488,6344.700195,7273.069073639999,15357.47958756969,344.0010002430051,1.0064951786110359,0.9938979211897149,0.9908818746797154,0.9997879943655229
489,6385.910156,7228.68823296,15217.448164086516,343.9280700926878,1.0043110197806546,1.0155305222886932,1.024084251696443,1.004311142352401
490,6413.439941,7340.95353668,15583.949015847951,345.41079296184387,0.9741511908546615,0.9824653462854888,0.9736488357418623,1.0037488704467648
491,6247.660156,7212.23245848,15173.2938155409,346.7056932755721,1.0110105283069755,0.9760477479234763,1.0042067043778882,0.9821580552084659
492,6316.450195,7039.4832486000005,15237.12337706172,340.5197894372388,0.97578541898089,1.0205802982880614,0.9956288471993637,1.0102238609235217
493,6163.5,7184.35791365,15170.519582538436,344.00121640615197,1.0148097322949623,0.989387635471899,1.0091839636589195,0.9778841095903232
494,6254.779785,7108.1148885699995,15309.845083071395,336.393323203318,1.0154905752609162,1.0013555063924886,0.9999833705890397,1.0097985259512925
495,6351.669922,7117.74998374,15309.590489365772,339.6894819105672,1.0050521901159963,0.996158057776338,0.997488866735087,0.9888422476037212
496,6383.759766,7090.40399954,15271.14606741573,335.8993107797889,1.0047621450546922,1.0190800391612067,1.0263839238398547,1.0069042388948324
497,6414.160156,7225.689185519999,15674.058822205721,338.2184398660221,1.0158851114599452,1.0007537786168432,1.0068525988788977,1.0236389446469065
498,6516.049805,7231.13575552,15781.466860118546,346.21356684457805,0.9891867061933852,1.0052867036344626,1.0002216747579296,0.9976487843731375
499,6445.589844,7269.3646272000005,15784.965212964535,345.3995440959813,1.0078426170798094,0.9980300035100156,0.9845092487902498,0.990195674139897
