,S&P 500,FTSE-500,CAC-40,Nikkei,Portfolio_Value,Loss,NormLoss,Weight,Cumulative_Weight
426,5833.810352846794,6454.514263779784,13779.802210157372,331.6673273593882,9077516.121777091,-922483.8782229088,-7.691839000893794,0.0037569273632794267,0.0037569273632794267
428,5673.417002318844,6707.120518527701,14838.24358782581,330.3367000775671,9141576.508699667,-858423.4913003333,-7.158651195612854,0.003794780296739402,0.007551707660018829
423,5956.578505997454,6735.554335577023,14669.455771121397,335.1924022267591,9346458.555693079,-653541.4443069212,-5.453375685648891,0.0037008547527665604,0.01125256241278539
414,6041.845624671865,6931.912939449998,14952.964304323106,337.1638202995775,9509784.920683134,-490215.07931686565,-4.093976682973302,0.0035376084891845976,0.014790170901969987
481,6066.4013778593635,7024.29169920826,15086.210841166638,338.2207432856726,9577708.939553948,-422291.0604460519,-3.528631072567266,0.0049495231222350675,0.019739694024205053
439,6161.108956485562,7118.60852497854,15101.442414017947,331.46738515380315,9637266.521922762,-362733.4780772384,-3.032921037761411,0.004009892674147015,0.023749586698352067
425,6131.060068630725,7096.060642005282,15583.034276524855,331.40601399658755,9639467.664526219,-360532.33547378145,-3.0146004741459262,0.003738142726463029,0.027487729424815095
430,6111.5410532690385,7222.9262316407585,14651.578548389936,335.81165753565574,9646212.20349665,-353787.79650335014,-2.958464286026701,0.003833014617549458,0.031320744042364554
416,6162.210376733701,7094.474527409088,15265.756896359097,338.04640426882486,9676494.84102621,-323505.1589737907,-2.7064156516339875,0.0035732516746391236,0.034893995717003676
432,5986.532765305123,7239.088817220203,15635.157932872196,345.6845635208881,9694783.975628655,-305216.0243713446,-2.5541914143537503,0.0038716341683790387,0.038765629885382714
451,6248.0488401558,7158.678737588034,15194.400804881012,338.5832760439359,9754849.097231619,-245150.90276838094,-2.0542570258817587,0.0042584914518873215,0.04302412133727004
417,6393.54167157337,6968.111382104946,15407.577576123287,334.85999687622376,9758439.34045401,-241560.6595459897,-2.024374691476174,0.00359120771320515,0.046615329050475184
139,6437.797307919788,6929.228325105661,15046.084707469663,338.62063943132785,9768731.315035252,-231268.6849647481,-1.93871246552659,0.0008913678636614356,0.04750669691413662
288,6253.984856898927,7091.677578055722,15479.659037053898,342.1098954194149,9769374.139758969,-230625.86024103127,-1.9333621028440613,0.0018811262395272857,0.049387823153663905
151,6271.314856911226,7265.46833072378,15442.227018503381,328.43860181625047,9770317.057146916,-229682.94285308383,-1.9255140070583057,0.0009466294328430493,0.050334452586506956
422,6335.873025285527,7058.400342638213,15246.48938419166,340.53663263486186,9782577.594192049,-217422.40580795147,-1.8234670299371603,0.003682350479002728,0.05401680306550968
102,6313.005548784695,7153.912849747773,15517.770630246574,334.63482840003235,9790815.916131202,-209184.08386879787,-1.7548977782521202,0.0007404759542437305,0.05475727901975341
447,6303.993195071579,7071.786260564469,15277.927284613726,345.50532043490256,9799080.178697547,-200919.82130245306,-1.686112617379763,0.00417395826998319,0.0589312372897366
325,6330.181276018564,7040.192390881089,15341.380068208115,344.77587711561273,9802089.520070152,-197910.47992984764,-1.6610652488126656,0.002264456351074149,0.06119569364081075
396,6344.184218420888,7126.554137457412,15320.982711167766,340.7208154672051,9821647.543785375,-178352.4562146254,-1.4982797858875743,0.003232400913537379,0.06442809455434813
138,6237.345468342292,7276.984871222673,15689.67104442588,337.67959782793685,9823174.07996176,-176825.92003824003,-1.4855741106228806,0.0008869110243431283,0.06531500557869126
490,6278.979022293312,7141.898835737531,15369.013001828718,346.69440223916877,9825147.378910504,-174852.62108949572,-1.4691499367115397,0.00517792351156239,0.07049292909025365
110,6410.384281454594,7097.876477517625,15461.45779765392,335.3481148693544,9828684.164179277,-171315.83582072333,-1.4397125438733434,0.0007707726824875107,0.07126370177274116
294,6258.617722023649,7205.0570624767115,15399.16344751961,344.74020621387007,9829170.901800856,-170829.098199144,-1.4356613263165214,0.0019385609355063076,0.07320226270824746
149,6344.078632318537,7198.385662307531,15523.385013993713,335.94237859971406,9836379.663628696,-163620.33637130447,-1.375661315663694,0.0009371868042504398,0.0741394495124979
431,6476.394579609918,6884.996164360645,16128.718276687128,338.711473683425,9843542.121572057,-156457.87842794321,-1.3160467017861124,0.0038522759975371432,0.07799172551003504
458,6379.948590142619,7139.374734305397,15505.552604906641,337.85159192998395,9844211.943099644,-155788.05690035596,-1.3104716391400528,0.004410564876017202,0.08240229038605223
145,6323.348724792289,7220.363444326365,15632.12623344805,337.5923193092769,9849027.860041058,-150972.1399589423,-1.2703877697199208,0.0009185831781784081,0.08332087356423064
101,6233.809832053751,7265.658228605952,15477.934206883268,346.24196730476314,9852471.212400189,-147528.78759981133,-1.2417280382482243,0.0007367735744725118,0.08405764713870315
421,6228.283190768761,7276.684776720605,15427.556947539593,347.07393495714774,9855217.998807859,-144782.00119214132,-1.218865968775382,0.003663938726607714,0.08772158586531086
287,6399.221526808162,7118.958753351392,15231.186447877466,342.49428478648247,9857248.38391257,-142751.61608742923,-1.201966655020612,0.0018717206083296494,0.0895933064736405
239,6369.466258826978,7133.7796754847495,15480.378384456395,342.7833918955451,9862360.045438346,-137639.95456165448,-1.1594212424622878,0.0014714614810607037,0.0910647679547012
66,6397.77487146109,7126.887518200526,15420.930092967727,341.24931161348445,9864434.390522396,-135565.6094776038,-1.142156040737905,0.0006182183147619045,0.0916829862694631
231,6290.293371049585,7230.503829784538,15612.728526361354,343.391817460772,9865051.750031736,-134948.24996826425,-1.1370176302838453,0.0014136228087442274,0.09309660907820733
12,6371.325978746807,7145.540530796034,15389.298402754652,343.73647530253777,9868116.429738589,-131883.57026141137,-1.11150966935378,0.00047161567062002337,0.09356822474882735
130,6329.074503933666,7186.953523329329,15649.32248103244,342.52506707774324,9868445.160625225,-131554.83937477507,-1.1087735744222038,0.0008520492513568082,0.09442027400018416
113,6333.922708819797,7197.3335417056005,15552.03314392852,343.00318160156996,9872342.649058042,-127657.3509419579,-1.0763339747970369,0.0007824508593699649,0.09520272485955412
124,6318.590868390761,7179.942471861527,15577.993046004429,346.02922605903876,9874817.481859883,-125182.5181401167,-1.05573543124397,0.0008268051701342336,0.09602953002968836
461,6333.489403645951,7201.018796519885,15387.881324184104,345.08633571521193,9875257.65474677,-124742.34525322914,-1.0520717815724903,0.0044773904887353885,0.10050692051842375
462,6521.2471104773485,6985.995432105777,15490.94231445213,340.0466153220054,9880385.130115915,-119614.86988408491,-1.0093947471360556,0.004499889938427527,0.10500681045685127
242,6401.224303175217,7145.051676802789,15530.036032673803,341.7468655267532,9883864.268493883,-116135.73150611669,-0.980437161252917,0.0014937559757177887,0.10650056643256905
460,6314.237094300169,7236.209423668532,15683.412235740194,342.9148321468325,9883981.356460284,-116018.64353971556,-0.9794626139729313,0.004455003536291712,0.11095556996886077
244,6361.791894345001,7207.736222515584,15652.091394265717,340.3446817905735,9884875.847975498,-115124.15202450193,-0.9720175767080831,0.0015088063187472932,0.11246437628760807
63,6401.672497437543,7186.037156794421,15417.570072719485,340.1989728813357,9884968.950366182,-115031.04963381775,-0.9712426663189949,0.0006089913291367937,0.11307336761674486
146,6312.051215199882,7200.440356891766,15531.193289579283,348.05439402963015,9887980.089494977,-112019.91050502285,-0.9461803346565566,0.0009231991740486513,0.11399656679079351
98,6394.439407558867,7191.937410912324,15451.831873807721,340.7336881231075,9888181.971389797,-111818.02861020342,-0.9445000300315654,0.0007257771367768128,0.11472234392757032
104,6407.670411113133,7163.365980474021,15728.933770495229,338.6178694035385,9889905.064126616,-110094.93587338366,-0.9301583739976914,0.000747936622048666,0.11547028054961898
204,6392.761182932195,7102.387338583615,15481.774496282153,347.55328201324306,9891569.06182631,-108430.93817369081,-0.9163085781392294,0.0012346865693570604,0.11670496711897604
413,6378.0197009972735,7179.776148322482,15668.030692839118,341.7537229191956,9892576.306820849,-107423.69317915104,-0.907925070423799,0.0035199204467386757,0.12022488756571471
123,6387.403433592011,7190.204969597216,15618.7866577526,340.5482765425636,9892603.84522762,-107396.15477238037,-0.9076958625876874,0.0008226711442835624,0.12104755870999828
195,6432.469853507433,7170.592761477259,15514.745797623653,338.43681767335073,9893660.038367203,-106339.9616327975,-0.8989049493712623,0.0011802240241864622,0.12222778273418475
42,6399.86318554615,7176.682041508584,15511.769579549788,341.6566216500184,9894393.394389976,-105606.60561002418,-0.8928010760252482,0.000548145439039845,0.1227759281732246
107,6353.448781638774,7232.891258016316,15597.661404467442,341.76281917592956,9894842.895712469,-105157.10428753123,-0.8890597838613316,0.0007592688038547992,0.12353519697707939
227,6354.992532920242,7228.828402164325,15488.243782356627,343.5163489339325,9897346.081592571,-102653.91840742901,-0.8682252517934088,0.0013855616900627645,0.12492075866714215
31,6357.138350718421,7231.24983198323,15555.847667932227,342.7208087151796,9899353.343397768,-100646.65660223179,-0.8515183980269636,0.0005187399466392078,0.12543949861378137
176,6386.214932778866,7203.163475859552,15434.705258961732,343.26486708321585,9901282.458091196,-98717.54190880433,-0.8354619787804336,0.001073008061659254,0.12651250667544062
111,6246.653539806279,7305.860506971975,15745.798736906121,347.62613802420486,9902017.358301662,-97982.64169833809,-0.829345252841944,0.0007746459120477495,0.12728715258748838
441,6348.877216786988,7278.452847335451,15386.081650996206,343.0484929702443,9904849.407817539,-95150.59218246117,-0.8057735209440023,0.004050294360391925,0.1313374469478803
285,6375.601659568299,7172.188413254784,15828.557622980381,343.3707772816587,9907477.325503986,-92522.67449601367,-0.7839008203405953,0.0018530501952615608,0.13319049714314185
64,6419.870165567826,7189.114734187358,15601.195962961947,339.9877578367103,9907942.078153856,-92057.9218461439,-0.780032588235128,0.0006120515870721544,0.133802548730214
483,6499.390878035893,7180.739941981397,15657.971651901878,331.8276448026777,9910181.329005769,-89818.67099423148,-0.7613948418124022,0.0049993920580137545,0.13880194078822775
365,6403.013936745289,7142.721229842684,15708.548677701287,344.8171458138144,9913100.291546911,-86899.708453089,-0.7370997148895806,0.0027672011146984924,0.14156914190292624
410,6427.170207942435,7199.059680288492,15743.838792326058,337.97761641044553,9913973.63372884,-86026.36627116054,-0.7298307078852286,0.0034673851940810445,0.1450365270970073
79,6427.566082500548,7185.582848761486,15502.550003540939,342.48324718646234,9919460.9373626,-80539.06263739988,-0.6841587486301105,0.0006598448284140799,0.14569637192542137
301,6278.395717021078,7332.081825262268,15595.65278682823,347.20778054752697,9920602.780585079,-79397.21941492148,-0.6746549521184846,0.002007788173056876,0.14770416009847825
164,6354.596192379964,7266.060086675886,15660.9040117222,343.0533266942114,9920722.484192234,-79277.51580776647,-0.6736586343213359,0.00101036886286134,0.1487145289613396
125,6436.2613956747255,7186.798076903856,15789.616160182664,338.72132617696377,9921761.621221913,-78238.37877808698,-0.6650096826234543,0.0008309599699841545,0.14954548893132374
324,6366.862623715279,7219.019313629968,15500.877837091479,347.0520310484533,9921937.677673524,-78062.32232647575,-0.6635443284857468,0.002253134069318778,0.15179862300064254
392,6428.616683770205,7172.34253315477,15583.469787206692,342.8671470484324,9921998.077680053,-78001.92231994681,-0.6630416067810053,0.003168236141223456,0.154966859141866
319,6391.2281161158635,7177.315905848367,15534.334027330273,347.08024971765616,9922130.68050365,-77869.31949635036,-0.6619379261464675,0.002197366191719555,0.15716422533358557
275,6403.58623547788,7202.751684569904,15596.151381749049,343.34693998979526,9922595.863594927,-77404.1364050731,-0.6580661113884377,0.0017624548129748473,0.15892668014656042
400,6331.998545614923,7224.744767125838,15626.459197650414,349.1706859567065,9922888.200452367,-77111.79954763316,-0.6556329314638532,0.003297865184317508,0.16222454533087793
479,6395.77240997844,7163.8465563518685,15520.559353072867,347.9902900012841,9923788.94671306,-76211.05328693986,-0.6481358346630715,0.004900151629090773,0.1671246969599687
399,6466.759439203797,7166.079585272425,15559.620614676287,339.9392848868837,9924619.66408182,-75380.33591818064,-0.6412216027650841,0.0032813758583959203,0.17040607281836462
27,6419.9623410352915,7210.013807690231,15658.50413657641,340.75525874836234,9924698.824205853,-75301.17579414696,-0.6405627367352816,0.0005084426996526587,0.17091451551801728
236,6402.186909016151,7193.481799627414,15557.719617837134,345.3305598637287,9926953.11099917,-73046.88900082931,-0.6217998430728449,0.0014494997345231876,0.17236401525254047
269,6414.5112009624645,7233.0607926493885,15693.500691647896,339.9318533920114,9928276.476965696,-71723.52303430438,-0.6107851953447923,0.00171023769949343,0.1740742529520339
329,6345.44784679968,7252.3633056983,15578.636561852183,347.24981346225616,9928480.23263446,-71519.76736553945,-0.609089294913007,0.002310317303258534,0.17638457025529244
468,6461.872368684579,7121.444447034291,15738.598310136354,342.5135599952457,9929410.900358865,-70589.09964113496,-0.6013431556019726,0.004637280935970356,0.1810218511912628
100,6435.801134765163,7173.755877353569,15632.16567457569,343.23657991268243,9932263.989989646,-67736.01001035422,-0.577596302490636,0.0007330897066001493,0.18175494089786295
78,6435.534842722364,7198.72139776683,15531.89962726358,342.58333665868,9932267.24198178,-67732.75801821984,-0.5775692354897605,0.0006565456042720094,0.18241148650213496
419,6264.612750156047,7423.9638101097935,16096.10166612075,338.68586158622975,9932327.073257137,-67672.92674286291,-0.5770712474517975,0.0036273909378098015,0.18603887743994477
357,6422.633292059221,7169.3989716227,15755.727298730384,343.95943424183054,9934307.660842456,-65692.33915754408,-0.5605864087158224,0.002658430861065036,0.1886973083010098
229,6428.364369503896,7215.706627745436,15535.856327724496,342.9066309923242,9936949.707386209,-63050.2926137913,-0.5385961107206476,0.001399521921227004,0.1900968302222368
150,6312.890983028957,7301.394845189858,15884.787267187332,345.3717771649406,9937031.490527974,-62968.50947202556,-0.5379154127735721,0.0009418962856788339,0.19103872650791565
405,6412.0368890990785,7192.000120570998,15735.219436079764,344.25688110861705,9937482.171206286,-62517.82879371382,-0.5341643045880723,0.003381563087120789,0.19442028959503643
364,6390.187398086578,7200.58923064461,15485.297446787947,348.8195489299651,9938054.213089515,-61945.786910485476,-0.5294030820775694,0.0027533651091249996,0.19717365470416143
205,6440.671106166799,7263.765931294955,15647.53904484695,337.22146131381567,9938576.524687262,-61423.47531273775,-0.525055774984147,0.0012408910244794578,0.1984145457286409
25,6439.702783291423,7185.550447730166,15388.205414165292,345.86170193024935,9939298.04881588,-60701.95118412003,-0.5190503809321272,0.0005033709837236234,0.19891791671236453
261,6384.384639526757,7237.109837413544,15791.864062522023,343.862194111509,9940241.245491076,-59758.75450892374,-0.5111999605810292,0.0016430134607637967,0.20056093017312832
491,6516.559193432516,7095.246973213141,15851.367895230725,339.23694449919975,9940708.171793152,-59291.82820684835,-0.5073136367201944,0.0052039432277008945,0.20576487340082922
128,6460.386722283964,7135.566013997866,15776.747893330845,343.4738558551441,9942294.103109082,-57705.89689091779,-0.49411360346580063,0.0008435500600745241,0.20660842346090375
10,6432.782169622521,7189.071853419014,15630.95319440201,344.2164409000149,9942308.215566466,-57691.78443353437,-0.493996142573963,0.0004669113043055886,0.20707533476520934
286,6388.223415008077,7227.078754950986,15772.275729118566,344.89220180469636,9943206.977959312,-56793.0220406875,-0.4865155579142068,0.001862362005288001,0.20893769677049734
415,6421.289637382679,7173.637065878594,15846.245590322143,344.43529685602226,9943712.734372124,-56287.265627875924,-0.4823060430375688,0.0035553854162659274,0.21249308218676327
33,6390.119108682918,7240.046482185133,15850.756642597418,343.35927129734404,9945830.67166247,-54169.328337529674,-0.4646780143944197,0.000523966512602417,0.2130170486993657
148,6346.957002887682,7288.248656072031,15898.303497635634,344.2440062813674,9947072.880608918,-52927.119391081855,-0.45433885327356405,0.0009325008702291875,0.2139495495695949
99,6410.041328816588,7224.742015636147,15691.68382991397,344.4159397196596,9947919.016694557,-52080.98330544308,-0.44729628821669026,0.0007294242580671485,0.21467897382766205
9,6466.712113824644,7191.673397961194,15572.007318141736,342.10562085734193,9948481.283855278,-51518.716144721955,-0.44261642273650237,0.00046457674778406066,0.2151435505754461
141,6457.003647353453,7252.956569299681,15588.772828647621,338.6455641118546,9948774.43338432,-51225.56661568023,-0.44017647877865823,0.0009003488433740921,0.21604389941882018
168,6394.995207068825,7239.241613277183,15803.44954380575,343.9467018322077,9948928.998840604,-51071.00115939602,-0.4388899986250489,0.0010308313805364084,0.2170747307993566
194,6394.5738974975275,7252.681318320485,15732.210202338325,343.89474462569234,9949400.019224055,-50599.98077594489,-0.4349695988810007,0.00117432290406553,0.21824905370342212
147,6446.557929893256,7222.349936360247,15719.312557955742,340.7993353828779,9950402.02575177,-49597.97424823046,-0.4266296920047755,0.0009278383658780417,0.21917689206930016
29,6405.309245150405,7219.679553624975,15618.605059657068,346.6276165431637,9951069.99138815,-48930.00861185044,-0.4210700763237932,0.0005135655156714817,0.21969045758497163
177,6452.083851569987,7248.21887998198,15671.641784595968,339.1124187685781,9951719.248211725,-48280.751788275316,-0.4156661779482793,0.0010784000619690993,0.22076885764694074
142,6443.621117295146,7180.580917955335,15935.056648338992,342.1708509023842,9952951.122748032,-47048.87725196779,-0.40541303225327857,0.000904873209421198,0.22167373085636194
306,6401.5720668033055,7257.433437569515,15610.50165684078,344.871924240638,9953651.941645514,-46348.05835448578,-0.3995799721080212,0.002058744670659391,0.22373247552702133
363,6421.163402764695,7253.539450572877,15711.827469053982,341.97860308925294,9953868.567932192,-46131.432067807764,-0.3977769468702934,0.0027395982835793746,0.2264720738106007
350,6432.917513513213,7188.906647999367,15799.913158155883,344.6645406141026,9955622.557090007,-44377.44290999323,-0.3831781335557251,0.0025667698844738076,0.2290388436950745
408,6437.143282412964,7197.019484397073,15692.283541230538,344.90551036511044,9956169.895939788,-43830.10406021215,-0.37862251948470044,0.0034327980267700865,0.23247164172184456
448,6483.1207104061705,7215.940234842083,15656.777699344628,339.20860556373384,9957274.280443976,-42725.7195560243,-0.36943049960686414,0.004194932934656471,0.23666657465650104
228,6435.416139965979,7224.304296874714,15833.613166848276,342.0317825516585,9958671.670379927,-41328.32962007262,-0.35779973512253066,0.0013925243116208689,0.2380590989681219
81,6431.852298435003,7189.684242016701,15789.624385102636,345.5794319853691,9959928.187070455,-40071.8129295446,-0.3473414876984052,0.0006664930970572256,0.23872559206517913
450,6330.323345378491,7371.603620629106,15900.190080844173,342.31131075656697,9960078.650312267,-39921.349687732756,-0.346089151121449,0.0042371989946278854,0.242962791059807
108,6443.437745359332,7210.281833360722,15630.109985268442,344.8339250823173,9961196.068969494,-38803.93103050627,-0.33678864530111025,0.0007630842249796979,0.2437258752847867
26,6431.9900406247325,7248.681552574932,15677.631552016564,342.89597621795235,9961728.139356531,-38271.8606434688,-0.33236011379282626,0.0005059004861543954,0.2442317757709411
376,6443.358834489147,7204.310535962592,15782.458858159087,343.6977080250905,9961755.170495775,-38244.8295042254,-0.3321351280489086,0.0029240637428351608,0.24715583951377626
57,6478.014487763656,7193.168669163187,15645.805265471494,342.4195127240544,9962605.151516618,-37394.84848338179,-0.32506056080375906,0.000590948444230678,0.24774678795800695
486,6449.654033061032,7195.119751477931,15635.664283621343,345.5166962744315,9963101.904897733,-36898.09510226734,-0.32092598001575323,0.005075139144132323,0.25282192710213924
293,6463.905509231744,7160.26873904503,15933.293493068586,343.2422050248667,9963248.413817793,-36751.58618220687,-0.3197065560738476,0.0019288681308287764,0.254750795232968
77,6447.108145444866,7188.823041391728,15519.813131499162,347.5520858108544,9963369.760522978,-36630.23947702162,-0.31869656243309746,0.0006532628762506493,0.2554040581092187
3,6401.778489248736,7272.97970453175,15792.765255760756,343.4424149171216,9963465.078471959,-36534.92152804136,-0.3179032114956127,0.0004508125045357918,0.25585487061375445
54,6409.035154411325,7267.997279532681,15749.804835160461,343.50128766756836,9963531.506806403,-36468.4931935966,-0.31735031477499376,0.0005821284648319796,0.2564369990785864
295,6462.709295371094,7200.122005534439,15694.21661990313,343.39909440106044,9964715.736705616,-35284.26329438388,-0.3074937252156388,0.0019483024477450332,0.25838530152633143
140,6296.304213442226,7331.774840043955,15928.803689273342,349.3624958312771,9965171.971262626,-34828.02873737365,-0.30369639095289674,0.0008958470991572217,0.2592811486254887
53,6403.302994343497,7240.332931876617,15746.97127701968,346.4059802217533,9965197.233508192,-34802.766491808,-0.3034861280756853,0.0005792178225078196,0.2598603664479965
370,6438.733794603457,7192.245684559284,15822.849879078862,345.24017194113566,9965396.217781892,-34603.782218107954,-0.3018299409485645,0.0028374310716526288,0.2626977975196491
298,6395.055109015003,7255.905311927272,15690.728747837766,346.84618568949156,9965491.263898894,-34508.73610110581,-0.30103885252466694,0.0019778216836004807,0.2646756192032496
36,6465.65860543471,7270.857448429073,15802.710647469326,337.0882536258377,9966068.871430067,-33931.128569932655,-0.29623130597905867,0.0005319052651732864,0.2652075244684229
112,6565.62494154318,7146.765672571678,15934.094149914794,333.82288000647793,9966309.90683652,-33690.09316347912,-0.29422511860592765,0.0007785386050731152,0.265986063073496
326,6498.590153563719,7166.587389410665,15873.162681163125,340.2839632222891,9966441.874265488,-33558.12573451176,-0.2931267264918632,0.002275835528717738,0.2682618986022137
37,6413.695004393879,7238.399850414677,15855.03437588838,344.4806840125949,9966546.259795675,-33453.740204324946,-0.29225790420687353,0.0005345781559530517,0.26879647675816676
252,6432.555856699633,7242.68493707242,15702.943881336574,343.82012300708453,9966559.272572942,-33440.72742705792,-0.29214959617932446,0.0015705394442453006,0.27036701620241205
480,6411.369826077702,7219.854661797089,15692.709366253805,347.8707812334815,9966796.356922353,-33203.64307764731,-0.29017629426840275,0.004924775506623892,0.27529179170903595
385,6477.39189728062,7202.701717223785,15772.751138649419,341.1921941915107,9967088.527886365,-32911.47211363539,-0.2877444951090156,0.003058997408319255,0.2783507891173552
56,6438.888681726215,7204.0731350482565,15724.00437040921,345.8188366908928,9967462.111934697,-32537.888065302745,-0.28463507806694877,0.0005879937020095246,0.27893878281936474
482,6531.722760036519,7094.090859346899,15754.57295104817,343.39760418961475,9967601.018789686,-32398.981210313737,-0.28347892767966526,0.004974395097723686,0.2839131779170884
349,6463.276377024865,7180.141996115462,15709.252680528632,345.16799925993286,9968017.304276016,-31982.69572398439,-0.280014097767,0.002553936035051439,0.28646711395213986
498,6375.891787259896,7307.795603594853,15788.464341307044,344.5874352903917,9968126.179181132,-31873.820818867534,-0.2791079094890617,0.0053897793329402855,0.29185689328508013
276,6469.334964544906,7247.186395376413,15749.374449187337,339.42335621802124,9968723.76160895,-31276.238391049206,-0.27413410776120134,0.0017713113698239673,0.2936282046549041
382,6409.17882296923,7285.521581266606,15755.100009023532,343.13259724504553,9969053.376278896,-30946.623721104115,-0.2713906569189697,0.003013341489625415,0.2966415461445295
193,6403.841748352092,7301.179239425302,15716.966023841656,343.06813779600986,9969413.981708953,-30586.018291046843,-0.2683892635921231,0.0011684512895452023,0.29780999743407466
225,6431.4770213124675,7242.05002953639,15692.442436392977,344.63269556174777,9969667.584163887,-30332.415836112574,-0.26627847808401045,0.0013717407122043883,0.299181738146279
94,6445.813196459728,7201.772791685025,15503.22787938619,348.07538065991434,9969889.769772297,-30110.23022770323,-0.2644291814655562,0.0007113700981768354,0.29989310824445586
226,6443.212749852893,7208.746741642602,15647.552942031267,346.2901899681944,9969960.309062378,-30039.69093762152,-0.26384206841376967,0.0013786338816124508,0.30127174212606833
412,6421.3010126945965,7290.2693839169315,15679.862399488513,342.53438494514745,9970305.236063085,-29694.763936914504,-0.2609711698862383,0.003502320844504982,0.3047740629705733
352,6450.402897124307,7239.5750665670685,15718.242449792551,342.6090644314727,9970308.040280886,-29691.959719114006,-0.2609478298034445,0.002592631382514389,0.30736669435308767
300,6442.504655927932,7238.292266845191,15637.906009544433,344.51056634213745,9970798.175706727,-29201.82429327257,-0.25686833162135125,0.0019977492321915915,0.30936444358527926
395,6387.483291576222,7259.904189048365,15864.494393071578,346.41590697114174,9970959.46695999,-29040.53304000944,-0.25552587127308146,0.0032162389089696922,0.312580682494249
48,6439.74587697833,7211.893538486011,15743.175019200573,345.6978386385229,9971735.339548666,-28264.66045133397,-0.24906812378501986,0.0005648814591867186,0.3131455639534357
189,6429.298644862581,7273.72389561212,15812.790994859773,341.7082431231476,9972077.758100294,-27922.241899706423,-0.24621810359624968,0.0011452569479523673,0.31429082090138805
358,6435.7761780903065,7249.332409413318,15749.006246963612,343.65381176225617,9973256.19680211,-26743.80319789052,-0.2364097153665821,0.002671789810115614,0.31696261071150367
207,6415.7502234774165,7257.891946816234,15719.542317172501,345.8442725398486,9975177.997802043,-24822.002197956666,-0.2204141694985889,0.0012533936258977882,0.31821600433740144
184,6423.419195615311,7243.837594247051,15790.11808966363,345.32441245424957,9975597.981435403,-24402.018564596772,-0.21691855914588026,0.0011169104104947103,0.31933291474789616
187,6440.562884989912,7235.671457750671,15840.907635637961,343.52954044936797,9975691.482676543,-24308.517323456705,-0.2161403290422318,0.0011338330098965425,0.3204667477577927
119,6481.866747648703,7253.269982681522,15774.750692484136,338.7751019583597,9976865.340598317,-23134.659401683137,-0.20637006758910395,0.000806340711248131,0.32127308846904085
487,6410.369173094232,7242.0643647393445,15805.874559706728,346.9321466671353,9977075.223225519,-22924.77677448094,-0.20462317121928042,0.005100642355911882,0.32637373082495275
284,6429.619360909047,7265.950799942356,15546.466636624482,346.1587508911517,9977967.07634267,-22032.923657329753,-0.19720009388536527,0.001843784944285253,0.328217515769238
80,6423.946241731389,7265.712282141356,15801.904595496831,344.0157304393324,9978121.44344344,-21878.5565565601,-0.19591526468559115,0.0006631606315719396,0.32888067640081
23,6419.883236445563,7245.584861343168,15748.420749054178,346.52137320456535,9978414.009666411,-21585.990333588794,-0.19348017570440937,0.0004983498581609802,0.329379026258971
91,6415.023593215437,7270.986966464528,15732.014681149196,345.52339049022044,9979063.368361553,-20936.631638446823,-0.18807542943084563,0.0007007528105402838,0.33007977906951125
321,6430.31976723661,7260.6985425348175,15796.675349225958,344.14135093204425,9980403.709685037,-19596.290314963087,-0.176919492307653,0.0022195057616924366,0.3322992848312037
96,6443.27202135834,7250.620845270627,15635.845345083033,345.2984948564059,9980794.14968534,-19205.850314659998,-0.17366977970277753,0.000718537509837464,0.33301782234104116
492,6289.512586506509,7418.9703195924585,15715.966718065938,348.9308609978664,9980959.13983415,-19040.860165849328,-0.17229653268440312,0.005230093696181803,0.338247916037223
394,6453.417511632269,7264.815906873134,15697.384441206985,342.56990036333025,9981047.350765362,-18952.649234637618,-0.17156233492079292,0.003200157714424844,0.3414480737516478
467,6395.909747793464,7314.230698189384,15682.933908293851,345.38265093178114,9981123.726780545,-18876.273219455034,-0.17092664160285334,0.004614094531290505,0.34606216828293834
472,6477.614907987894,7202.998998468708,15621.455757207887,345.2926108639515,9981507.865991605,-18492.134008394554,-0.1677293717656412,0.004731197570384271,0.3507933658533226
255,6451.639511129777,7229.195988217551,15764.963724029869,344.70440881341307,9981884.839190263,-18115.1608097367,-0.1645917461268038,0.0015943350948274876,0.3523877009481501
208,6469.737866052988,7272.694373071433,15738.698680869968,340.0239382306467,9982301.98436145,-17698.015638550743,-0.16111976087986798,0.0012596920863294353,0.3536473930344795
436,6228.4675066113505,7352.425283259449,15337.90207201345,364.62042411883033,9982511.142377932,-17488.857622068375,-0.15937889559443139,0.003950044524748787,0.3575974375592283
290,6450.7043211452055,7262.983025073563,15829.054598170691,341.837417421367,9982707.313015416,-17292.686984583735,-0.1577461269415131,0.0019000795328676403,0.35949751709209593
192,6438.500851362688,7256.558407013072,15764.035817532145,344.37920589683193,9983081.63929439,-16918.360705610365,-0.1546305321608257,0.0011626090330974764,0.3606601261251934
310,6445.504429659055,7207.1055469484345,15720.233513769645,347.74840515502007,9983753.232675716,-16246.767324283719,-0.1490407220108566,0.002100439442499962,0.3627605655676933
495,6478.154189301623,7241.436148299566,15745.327061732763,341.54566150517076,9983856.295735529,-16143.704264471307,-0.14818290691939714,0.005309336202673734,0.368069901770367
387,6427.19447378433,7259.69256903917,15767.764402875559,345.5017757817879,9984094.909550494,-15905.090449506417,-0.14619687495139466,0.003089818346323836,0.37115972011669085
281,6411.700692753863,7283.551620568782,15694.223749020994,346.2845317304461,9984199.761831483,-15800.238168517128,-0.14532416780326352,0.0018162662235186777,0.3729759863402095
216,6408.434523803843,7276.400945082643,15734.509150187982,346.8410255197887,9984996.28338086,-15003.716619139537,-0.13869455475885736,0.0013112326510049512,0.3742872189912145
254,6436.073557136934,7227.582919332621,15740.270984376231,347.32829372286477,9985188.242212232,-14811.757787767798,-0.13709684183640664,0.0015863634193533501,0.37587358241056784
203,6426.896456366911,7269.741950433587,15684.934910296826,345.98630975784715,9985615.530698383,-14384.469301616773,-0.13354043168815025,0.001228513136510275,0.37710209554707813
20,6465.985706130302,7210.851827398852,15803.395716555475,344.8003505140702,9986207.586806381,-13792.413193618879,-0.12861262665930917,0.0004909119242341953,0.3775930074713123
47,6420.780497488551,7286.465570090547,15686.741405314846,345.628307878034,9986763.24858801,-13236.751411989331,-0.12398773911088343,0.000562057051890785,0.3781550645232031
262,6437.634832240847,7273.160866064624,15703.426754589356,344.72435414525444,9987554.762579277,-12445.237420722842,-0.1173998050048562,0.001651269809812861,0.3798063343330159
245,6427.815163132421,7234.293127659353,15953.646744063097,345.8297873390276,9987673.20783227,-12326.79216773063,-0.11641396074879211,0.0015163882600475306,0.38132272259306343
235,6408.620132798869,7282.605605308795,15709.004627867633,347.21189328089457,9988203.798049537,-11796.201950462535,-0.11199774899860966,0.001442252235850572,0.38276497482891403
17,6450.5072746622145,7233.386454608318,15804.188189756811,345.2272047797148,9988423.684756344,-11576.315243655816,-0.1101675866120723,0.0004835850024010094,0.38324855983131506
129,6338.505405656321,7337.580168569904,15784.00002593918,350.18722097443117,9989358.932523515,-10641.067476484925,-0.1023833266609977,0.0008477890051000243,0.3840963488364151
344,6426.536355468704,7257.692317212856,15742.37396258648,346.92944602327896,9989519.264329867,-10480.735670132563,-0.10104885198713934,0.0024907229337369405,0.386587071770152
4,6473.560410295954,7264.490744022188,15679.548833301707,342.10929920911923,9989616.452114299,-10383.54788570106,-0.10023993802376006,0.000453077894005821,0.38704014966415784
238,6427.513191560765,7272.017872847617,15765.951756234983,345.57687250448987,9989699.244865296,-10300.755134703591,-0.09955083689093573,0.0014641041736554,0.38850425383781323
161,6460.073068026666,7266.650447756102,15788.454725410924,342.2627223518135,9989925.499684935,-10074.500315064564,-0.09766767138862038,0.0009952889812870269,0.38949954281910026
270,6455.442698882215,7244.113853484475,15720.817999703797,345.1077159553832,9989940.098416572,-10059.901583427563,-0.09754616313593334,0.001718831858787367,0.3912183746778876
438,6343.038589624314,7483.56882945785,15693.928521726513,340.3835311920817,9989946.912020467,-10053.087979532778,-0.0974894521062122,0.003989843210776281,0.3952082178886639
223,6455.921537250803,7262.457486999575,15851.024101361716,342.35566277529523,9990120.76979051,-9879.230209490284,-0.09604239804842087,0.0013580575986001497,0.39656627548726403
222,6431.589051812637,7246.089564849656,15855.291135193946,346.1202307728962,9990334.301150844,-9665.698849156499,-0.09426513252062085,0.001351267310607149,0.39791754279787117
499,6496.140137,7255.0440044,15540.44424399594,342.01313441373327,9990361.075919328,-9638.924080671743,-0.09404228060337366,0.005416863651196266,0.40333440644906743
22,6457.111163912337,7267.09671608455,15712.594147877924,343.56480802491535,9991005.289628232,-8994.710371768102,-0.08868035711082013,0.0004958581088701753,0.4038302645579376
280,6476.065637792345,7213.903618667285,15673.321039655304,345.7653632573891,9991069.820266841,-8930.17973315902,-0.08814325530381828,0.0018071848924010841,0.40563744945033864
336,6420.496310871814,7278.54207748892,15756.502064410339,346.33345974460997,9991819.48088587,-8180.519114129245,-0.08190367544225527,0.0023928201959148823,0.4080302696462535
493,6541.0473040727675,7192.219479888471,15929.93375983771,337.76072563120226,9992354.018435111,-7645.981564888731,-0.07745460923439317,0.0052563755740520635,0.41328664522030556
76,6418.089327180365,7318.575936921846,15743.041968405907,344.0191088550134,9992593.639068581,-7406.360931418836,-0.07546019730843558,0.0006499965618693961,0.41393664178217493
347,6450.589580348,7257.209588257719,15761.192258251507,344.73591818956163,9992737.753235416,-7262.246764583513,-0.07426070539125926,0.0025284605231018008,0.4164651023052767
317,6446.09982422773,7241.066626801968,15830.831065547605,345.6357197095867,9992911.37564126,-7088.624358739704,-0.07281561031820978,0.0021754474639571523,0.41864054976923387
126,6398.484504336287,7318.871889118856,15791.441027269879,345.68630169728124,9993269.282791456,-6730.717208543792,-0.06983667533085236,0.0008351356482252808,0.41947568541745917
46,6459.505681458441,7239.513184326353,15781.30089248868,344.91478941670255,9993277.403947188,-6722.596052812412,-0.06976908127766637,0.0005592467666313311,0.4200349321840905
283,6435.196437876366,7284.510833278285,15739.961848488161,344.8447813892027,9993737.444125036,-6262.555874964222,-0.06594007204822808,0.0018345660195638268,0.4218694982036543
379,6451.165218279603,7257.8870592198155,15740.020397043621,345.0985385277348,9994133.015981333,-5866.98401866667,-0.06264764594806865,0.0029683669912250687,0.42483786519487937
6,6429.148169526317,7288.735514083372,15735.151841323997,345.32321819653924,9994193.118187087,-5806.881812913343,-0.062147402900568936,0.0004576428817512901,0.42529550807663064
292,6403.950661544168,7316.001153308913,15585.16227753169,347.74309366490166,9994318.327754319,-5681.672245681286,-0.061105257862741985,0.0019192237901746324,0.42721473186680525
353,6452.634066247138,7276.155979386252,15770.118598956684,343.3727365253032,9994497.655815257,-5502.3441847432405,-0.05961267344622252,0.0026056596809189837,0.4298203915477242
180,6430.738662626248,7319.21818039772,15651.573587612223,344.05148174715913,9995101.403323933,-4898.596676066518,-0.05458755847955453,0.001094739181089254,0.4309151307288135
271,6474.736986974521,7233.526848522234,15761.214860490732,344.249497418302,9995134.349378482,-4865.650621518493,-0.054313341676300454,0.0017274692048114243,0.4326425999336249
97,6450.1710954033215,7263.9325713067055,15817.490596317119,344.2421259882031,9995959.891069774,-4040.1089302264154,-0.04744218800874716,0.0007221482510929287,0.4333647481847178
215,6452.45561468919,7266.97606352819,15763.368932834257,344.5097806196922,9996754.779690739,-3245.2203092612326,-0.040826166164117016,0.0013046764877499267,0.4346694246724677
162,6495.156272644603,7227.466866576381,15705.42615285239,343.4731757518968,9997275.734122008,-2724.2658779919147,-0.03649015504705053,0.0010002904334542983,0.435669715105922
278,6463.986292690948,7268.3497807920685,15765.972421724906,343.2845912560212,9997548.00454951,-2451.995450489223,-0.034223992155176026,0.0017891582230993833,0.4374588733290214
488,6487.455101290259,7225.006391344127,15641.035921976392,345.3263174464871,9998132.34142405,-1867.6585759501904,-0.029360435897597553,0.0051262737245345545,0.44258514705355595
356,6442.162139559833,7300.302758486519,15754.301907478883,343.68584871698516,9998775.18174408,-1224.8182559199631,-0.024009943403737452,0.0026451387067597107,0.44523028576031565
259,6437.8528272768035,7278.5104207241975,15844.449623393113,344.7919287052882,9999223.040637217,-776.9593627825379,-0.020282321517904888,0.0016266244014926782,0.44685691016180834
93,6464.60287408135,7266.731955476028,15844.462559713393,342.79689358066446,9999411.48000585,-588.5199941508472,-0.018713901809315064,0.0007078132476859511,0.44756472340949427
383,6497.508317204624,7207.106600651948,15858.52868536288,343.39784795972986,9999595.955222726,-404.0447772741318,-0.017178476552922206,0.0030284839091712715,0.45059320731866553
342,6440.300773399845,7256.9363257557125,15832.581446549058,346.2930461591835,9999778.952682849,-221.04731715098023,-0.015655350970602878,0.0024658779724729147,0.4530590852911385
11,6431.145843295625,7263.266062860089,15785.003022807428,347.37370681529234,9999953.108283846,-46.891716154292226,-0.014205818004387163,0.00046925759226692327,0.4535283428834054
241,6391.6415662607415,7311.507981228514,15817.093146929137,347.89276396223045,10000385.067203425,385.06720342487097,-0.010610534875980479,0.0014862871958391999,0.4550146300792446
302,6496.339953195472,7200.222944421795,15991.783571770487,342.7270484806701,10000587.763204113,587.763204112649,-0.008923454280033383,0.002017877560861182,0.4570325076401058
315,6442.201125201062,7301.796676287709,15599.748023224596,345.65211842736073,10001010.172640877,1010.1726408768445,-0.0054076534655539375,0.0021537473755041795,0.45918625501560995
58,6476.394373189989,7234.9449176742255,15728.544989373355,345.37703398456387,10001207.313125223,1207.3131252229214,-0.003766812577291001,0.0005939180344026914,0.4597801730500126
62,6437.958658272277,7275.339009839652,15796.582071453966,346.11011888969045,10002580.270167576,2580.270167576149,0.00766059189721036,0.0006059463724911097,0.46038611942250374
169,6436.317116043419,7256.858835161425,15936.488659299783,346.15151951808133,10003037.971999925,3037.97199992463,0.011470138595045691,0.0010360114377250336,0.46142213086022876
322,6412.252665932004,7326.737432698385,15818.45553705395,345.0490134571774,10003080.813838042,3080.813838042319,0.011826720044792162,0.0022306590569773238,0.4636527899172061
72,6435.081723456915,7301.599051365982,15792.208759438645,344.72408232566005,10003329.426146884,3329.4261468835175,0.013895971538341158,0.0006370938055242555,0.46428988372273033
73,6485.611239876135,7213.332783131377,15766.69948474363,345.90588421841977,10003487.374566715,3487.3745667152107,0.015210608794894697,0.0006402952819339251,0.46493017900466427
320,6485.297422653508,7230.288658848283,15693.053123692143,345.61808262243636,10003958.073388295,3958.073388295248,0.019128332113205478,0.0022084082328839745,0.46713858723754825
406,6493.799127582658,7234.677180068787,15699.822579122392,344.35261676482395,10004146.465055456,4146.465055456385,0.02069635479262306,0.003398555866453055,0.4705371431040013
95,6469.109302220963,7239.519869372186,15779.713524648372,345.8604453013983,10004615.131262712,4615.131262712181,0.024597160242925405,0.0007149448222882768,0.4712520879262896
165,6459.785627802236,7257.307325426636,15754.33025436093,345.90420987399494,10004815.119002262,4815.11900226213,0.02626169942316186,0.00101544609332798,0.4722675340196176
109,6418.039752425759,7323.011453505092,15755.367284066197,345.75868565976083,10005247.035099035,5247.035099035129,0.02985662612852567,0.0007669188190750731,0.47303445283869267
274,6424.979646609594,7295.964774928102,15915.822597381894,345.2223171535688,10005451.160894971,5451.160894971341,0.031555607205052676,0.001753642538909973,0.47478809537760264
8,6425.4941614120535,7316.17352360401,15852.065299231863,344.4639382978203,10005679.993966768,5679.993966767564,0.0334602320315338,0.0004622538640451404,0.4752503492416478
131,6465.737434451881,7275.255954182694,15832.183562304603,343.3959411682458,10006324.171271762,6324.171271761879,0.03882185252684598,0.0008563309058862396,0.476106680147534
191,6420.72950434709,7288.41576093996,15852.477325094453,347.0956666120757,10006532.622974053,6532.622974053025,0.04055683901367477,0.001156795987931989,0.477263476135466
377,6474.739218121703,7261.153337359846,15768.24992630344,344.28534703952494,10007190.197044132,7190.197044132277,0.046029963546296855,0.002938757530487599,0.4802022336659536
84,6447.950155952471,7293.829657514341,15929.58656730372,343.0671782731794,10007217.901853323,7217.901853322983,0.04626055638405122,0.0006765913068864188,0.48087882497284
24,6463.489164276219,7253.530276136657,16085.261535149026,342.62545107320864,10007534.360592417,7534.360592417419,0.048894507701948635,0.0005008541288050053,0.48137967910164503
198,6510.30364490961,7215.668860528364,15932.992648182326,342.0816698866684,10008166.243698917,8166.243698917329,0.054153801048958665,0.0011981059045754897,0.4825777850062205
253,6473.92984986325,7277.622647784568,15739.794923887832,343.7577775319055,10008627.151889442,8627.151889441535,0.057990034926825015,0.001578431602256584,0.4841562166084771
328,6416.748549201597,7321.749377308661,15896.924013943906,345.0359557714097,10008707.822014995,8707.82201499492,0.05866146901053625,0.002298765716742242,0.48645498232521933
243,6459.984467702516,7287.210143130271,15822.616526166297,343.782769451509,10009321.186265897,9321.186265897006,0.06376662610506856,0.0015012622871535563,0.4879562446123729
217,6468.547852167823,7262.153463010265,15838.849506015094,344.6627890326863,10010418.82806751,10418.828067509457,0.07290252507948003,0.001317821759803971,0.4892740663721769
409,6458.520881895453,7316.225722708656,15680.039313399977,343.6434357105519,10010548.111538868,10548.111538868397,0.07397857806111886,0.003450048268110639,0.49272411464028754
75,6482.893933324977,7221.9657276722355,15842.362184786096,346.05588772886006,10011025.726461189,11025.726461188868,0.07795386551152503,0.0006467465790600491,0.4933708612193476
34,6486.292412725183,7281.453255789356,15515.955061315955,345.025914187604,10011042.3991412,11042.399141199887,0.07809263566403708,0.0005265995101531829,0.49389746072950075
380,6444.781533459497,7288.138082920206,15805.391553141992,345.9064739881364,10011475.374196548,11475.374196548015,0.08169637629990742,0.002983283408266401,0.49688074413776717
14,6402.657847805307,7323.011061642626,15876.981940335283,347.25612287183395,10012076.396215493,12076.39621549286,0.08669880645372512,0.0004763674357920491,0.4973571115735592
268,6472.9651055916065,7246.512415489487,15704.37185835897,347.1173667379649,10012398.793405894,12398.79340589419,0.08938218472595731,0.001701686510995963,0.49905879808455517
214,6475.533864087772,7246.878850767446,15791.119449009204,345.8953374150941,10012563.686425555,12563.686425555497,0.09075462331840009,0.001298153105311177,0.5003569511898663
388,6481.368080077761,7227.3280859303695,15832.958858768556,346.39397357162954,10013653.746121785,13653.746121784672,0.09982741486678862,0.003105345071682247,0.5034622962615486
45,6464.955916862438,7233.933569648609,15824.477013356993,347.8265810948181,10013952.746201815,13952.746201815084,0.10231605416650003,0.0005564505327981744,0.5040187467943468
218,6445.912962099116,7275.084767336123,15902.199972259505,346.1526111774392,10014348.714786282,14348.71478628181,0.10561178231699003,0.0013244439797024837,0.5053431907740492
389,6457.76585428777,7308.391739476819,15756.485231853005,344.2703169563298,10015319.392163735,15319.392163734883,0.11369093021763552,0.0031209498207861786,0.5084641405948354
61,6444.091329973363,7312.142573477623,15790.601887645324,345.10317724294225,10015365.128606264,15365.128606263548,0.11407160405656643,0.0006029166406286542,0.509067057235464
159,6444.666237211694,7287.56849111326,15644.198691582564,348.40429426875323,10015420.328905936,15420.32890593633,0.11453104752931587,0.0009853609736986887,0.5100524182091627
369,6425.741174089092,7340.252679615867,15626.029432381185,346.88206343626194,10015452.738875875,15452.73887587525,0.11480080238986393,0.0028232439162943655,0.5128756621254571
35,6450.882528996603,7282.154471169002,15927.308653570266,345.14957117226993,10016132.999485934,16132.999485934153,0.12046275167116866,0.0005292457388474199,0.5134049078643045
340,6471.954737639248,7246.903878321072,15849.406992368158,346.26139749281293,10016165.114524929,16165.114524928853,0.12073005176067314,0.002441280839697497,0.515846188704002
311,6447.875620649452,7299.572459821488,15836.769003649231,345.32751671962774,10016749.77764149,16749.7776414901,0.1255963233978516,0.002110994414572826,0.5179571831185749
343,6467.0804586709355,7288.060583561127,15878.08738238505,343.71920405490454,10017221.869585212,17221.86958521232,0.1295256419589194,0.002478269319068256,0.5204354524376431
82,6457.811548073274,7301.708944886413,15756.915799291302,345.0945868001133,10017389.946384732,17389.94638473168,0.1309245798074011,0.0006698423086002268,0.5211052947462433
309,6451.701961338848,7307.323491411174,15816.867424243708,344.83811680489674,10018228.492738876,18228.49273887649,0.1379039739645607,0.002089937245287462,0.5231952319915308
230,6471.788903986376,7265.717198654331,15863.799481262366,345.1695553478741,10018415.872745719,18415.872745718807,0.13946357638660872,0.0014065546947005063,0.5246017866862314
260,6434.438379841417,7310.363110871294,15890.45323252124,345.7343900189171,10018621.035565507,18621.035565506667,0.14117118882641724,0.001634798393459978,0.5262365850796913
362,6473.263737824993,7264.022772412913,15789.212500926953,346.01857714278225,10018822.830799226,18822.830799225718,0.14285077215320632,0.0027259002921614776,0.5289624853718528
52,6426.050753742019,7298.917815953804,16013.353239313905,346.21377107151477,10019254.17607742,19254.176077419892,0.14644094781787434,0.0005763217333952806,0.529538807105248
330,6506.310264348251,7225.56542756873,15890.543756326098,344.22791311916785,10019510.65614494,19510.656144939363,0.14857568428870296,0.0023219269379482757,0.5318607340431963
211,6445.93862221583,7332.820158426903,15811.800426357908,343.9268504794869,10019576.52965523,19576.5296552293,0.149123963093514,0.0012787780079452696,0.5331395120511416
282,6493.287614278037,7273.766938425408,15880.81619763792,342.3280320109581,10019704.071168715,19704.071168715134,0.15018551740070094,0.001825393189466008,0.5349649052406077
136,6499.470163159597,7206.604376263165,15811.239594583827,347.23531584593735,10019830.79892302,19830.79892301932,0.15124029862247684,0.0008780640868753056,0.535842969327483
172,6452.246663684061,7294.1259602800565,15816.178341380079,346.0816876490335,10020277.136677425,20277.136677425355,0.15495525975709198,0.0010517083158019167,0.5368946776432849
263,6471.202991786338,7250.513182464952,15771.201818534826,347.67457744210867,10020416.58518093,20416.585180930793,0.15611591839662908,0.001659567648053127,0.538554245291338
338,6441.3141618178215,7316.329684397367,15761.75052722366,346.3314418386916,10020654.020775544,20654.020775543526,0.1580921437937711,0.0024169290633215147,0.5409711743546595
186,6454.431299131484,7278.614465702054,15832.306707193939,346.8549352768457,10020730.589603346,20730.58960334584,0.15872944193088964,0.0011281638448470597,0.5420993381995065
213,6460.506623401963,7293.659963106503,15830.901330247676,345.30708343374636,10021658.241863132,21658.241863131523,0.1664504829083166,0.001291662339784621,0.5433910005392911
273,6475.993255149777,7270.657776322671,15835.342474122284,345.266168784095,10021820.575436845,21820.57543684542,0.16780161870455423,0.001744874326215423,0.5451358748655065
32,6459.789283577143,7279.626192853058,15833.241405311766,346.410988616137,10021961.762310514,21961.762310514227,0.16897674615729552,0.0005213466800394049,0.545657221545546
175,6431.87419870581,7344.4132676212685,15735.288863297572,345.9530596350587,10022518.244641585,22518.244641585276,0.17360846330786475,0.0010676430213509575,0.546724864566897
13,6528.584350582035,7242.745582808748,15701.237095313241,343.27095161257927,10022889.554537134,22889.554537134245,0.1766989521075364,0.0004739855986130888,0.5471988501655101
174,6476.00153096946,7275.812551582411,16020.850233349749,343.1095180520879,10023217.359154576,23217.359154576436,0.17942733750967582,0.0010623048062442027,0.5482611549717543
221,6448.861927795001,7296.134578815074,15847.765881806221,346.4812051155246,10023320.057671236,23320.057671235874,0.18028211843332892,0.0013445109740541131,0.5496056659458084
251,6443.66483194137,7294.318806955837,15879.456338542008,346.82906730392176,10023367.390101416,23367.390101416036,0.1806760760064681,0.0015626867470240743,0.5511683526928325
2,6451.572630618736,7282.7604833083105,15836.791472573179,347.3402660486691,10023761.955745436,23761.95574543625,0.18396012719443025,0.00044855844201311296,0.5516169111348456
318,6414.354828950002,7332.506272955,15897.94423949279,347.1718413287547,10024093.855724165,24093.855724165216,0.18672259913274636,0.002186379360760957,0.5538032904956065
158,6474.705306633716,7303.797016213977,15895.011454513127,342.7979537317496,10024185.734246444,24185.734246443957,0.18748732301281698,0.0009804341688301951,0.5547837246644367
166,6454.67270417789,7304.5106618257705,15921.78965106975,344.6476300043435,10024455.2238775,24455.223877500743,0.18973034076265985,0.0010205488375155578,0.5558042735019523
398,6440.154297875419,7300.28295685703,15866.407052625435,347.1591926885192,10024735.040750673,24735.04075067304,0.1920593142774098,0.0032649689791039408,0.5590692424810562
114,6403.392108127823,7366.3710010960385,15883.941257263223,346.2002023039157,10024752.996508425,24752.9965084251,0.1922087637504445,0.0007863827732361455,0.5598556252542923
323,6478.453317653247,7296.964066263785,15918.126842007769,342.8586218171625,10025507.461736118,25507.46173611842,0.19848833336029992,0.0022418683989721844,0.5620974936532646
68,6467.548298015842,7297.109196593478,15810.581921771887,345.28240482025035,10026021.464373361,26021.46437336132,0.2027664832626942,0.0006244471753358799,0.5627219408286004
106,6444.222699324089,7308.6198138534455,15688.134301202881,348.3101283896206,10026070.891625855,26070.891625855118,0.20317787647376062,0.0007554724598355253,0.5634774132884359
248,6486.89753847447,7285.933973831321,15709.48759896466,345.129348991685,10026126.568852374,26126.56885237433,0.203641289506963,0.0015393634519888964,0.5650167767404248
133,6466.673560605187,7301.897906022238,15742.055660051825,345.8311252459781,10026290.948963461,26290.948963461444,0.20500945905561566,0.000864958870620681,0.5658817356110455
266,6464.709292873046,7310.858543923469,15702.419635944445,345.83689913885814,10026292.372515837,26292.37251583673,0.20502130757547551,0.0016847121880487783,0.5675664477990943
202,6444.929104774283,7317.953972040915,15867.211170959063,345.6996415468688,10026590.416506048,26590.416506048292,0.2075019891425435,0.0012223705708277236,0.568788818369922
88,6453.683015926487,7279.559753074165,15887.750125328208,347.29045394179826,10026690.576674223,26690.576674222946,0.20833564286852174,0.0006902939872488688,0.5694791123571709
378,6477.811778472466,7267.539670702404,15929.48734993881,345.2311093589408,10027423.503787411,27423.503787411377,0.21443594631164872,0.002953525156268944,0.5724326375134398
316,6447.832359866227,7320.880756380077,15898.083740821925,344.9980827378258,10027493.49186912,27493.491869119927,0.21501847154252357,0.002164570226637366,0.5745972077400772
314,6442.69105245169,7281.214551885544,15884.588631709183,348.5293852366017,10027525.7285165,27525.728516500443,0.21528678380369062,0.0021429786386266587,0.5767401863787038
60,6463.863284840794,7261.823393192798,15906.28196063177,347.45354482621167,10027806.9874927,27806.987492699176,0.21762776023919383,0.0005999020574255109,0.5773400884361294
393,6447.683594925243,7305.6916622834215,15677.561945713582,348.65213290702087,10028320.79843254,28320.79843254015,0.22190431460459684,0.0031841569258527196,0.5805242453619821
28,6456.617151183093,7275.1629354695,15674.236722497057,349.9280283793158,10028443.135839054,28443.13583905436,0.22292255405672365,0.0005109976880931243,0.5810352430500753
341,6481.567254277365,7276.487430766681,15780.14672869667,346.01370007855616,10028517.3019943,28517.301994299516,0.22353985425488015,0.0024535485826105504,0.5834887916326859
5,6441.924742104329,7298.001169855162,15934.594992639764,347.0462687178523,10028557.99789105,28557.997891049832,0.22387857459227783,0.0004553546673425336,0.5839441463000284
50,6476.7183980060645,7270.304671854846,15884.239481599596,345.8820930049932,10028789.001030773,28789.001030772924,0.22580126134143572,0.0005705729241046626,0.5845147192241331
173,6489.376047524464,7286.52992209161,15732.923782417312,345.1009320116566,10029230.79277989,29230.79277989082,0.22947838513695848,0.0010569932822129817,0.5855717125063461
267,6458.121878879277,7301.617938684298,15921.172914117315,345.3438667114137,10029394.325030752,29394.325030751526,0.23083949777017526,0.0016931780784409834,0.587264890584787
359,6459.6965838247625,7306.851577657418,15798.390008236636,346.17196032764343,10029547.947024718,29547.947024717927,0.23211812529243522,0.0026852158895634306,0.5899501064743504
454,6535.454804828698,7280.014169906114,15533.371578101931,342.8872780291154,10029677.479004383,29677.479004383087,0.23319624665993235,0.004323012960702426,0.5942731194350529
313,6465.1441543540195,7293.01621811326,15801.725491393381,346.6316231404792,10030091.80818905,30091.808189049363,0.23664479387059867,0.0021322637454335254,0.5964053831804864
264,6483.007214856228,7280.412993790332,15912.759785616532,344.5324747784899,10030855.300937505,30855.30093750544,0.24299950139662746,0.0016679071839729917,0.5980732903644594
71,6443.217449012836,7301.56044359668,15937.59972920336,347.0325430231621,10030939.981821354,30939.98182135448,0.24370431784838087,0.0006339083364966341,0.5987071987009561
19,6442.149334478614,7312.960243824754,15838.01901004685,347.5733774862228,10031804.790102702,31804.790102701634,0.2509022954390809,0.0004884573646130243,0.5991956560655691
220,6441.676768313034,7290.03901080891,15876.807093129417,348.8425064175583,10031858.181817908,31858.18181790784,0.25134668569050705,0.0013377884191838423,0.600533444484753
334,6433.127473734149,7327.674286845683,15778.897696663134,348.1542352546117,10031896.336909145,31896.336909145117,0.25166425837987727,0.0023689518144606315,0.6029023962992136
335,6463.892313444994,7319.5410447704135,15776.202113447054,345.5204078928147,10032210.175669126,32210.175669126213,0.25427640307155164,0.0023808560949353085,0.6052832523941489
371,6464.4035744097455,7319.992349107444,15859.304744752399,344.55155518008,10032368.332244713,32368.33224471286,0.25559277285136134,0.002851689519248873,0.6081349419133978
49,6457.452573522155,7329.127046671346,15843.348462691283,344.8412275078257,10032490.954556689,32490.954556688666,0.2566133836303732,0.0005677200594841393,0.6087026619728819
240,6455.274578709462,7289.478473696483,15942.028608791903,346.9325137898009,10033137.636619322,33137.636619322,0.2619958517398268,0.0014788557598600038,0.6101815177327419
348,6466.204347155948,7294.300896868301,15844.77196509698,346.53309816080747,10033436.473809531,33436.47380953096,0.2644831352739774,0.0025411663548761815,0.6127226840876181
120,6486.441878684888,7247.18378610847,15730.057037971006,348.99408836585013,10033533.42239099,33533.42239098996,0.26529005830170904,0.0008103926746212372,0.6135330767622393
185,6487.114257570404,7288.161473037048,15840.247004576748,344.95393772020776,10034448.422401818,34448.422401817515,0.27290579200301845,0.0011225230256228242,0.6146555997878622
219,6488.841332645345,7276.290826716014,15811.732705247598,345.9494263655922,10034579.154504288,34579.15450428799,0.2739939022400084,0.0013310994770879233,0.6159866992649501
30,6457.774909386415,7317.253425243539,16033.836824719061,343.9708521465286,10034818.746094871,34818.74609487131,0.2759880724360344,0.0005161462469060118,0.6165028455118561
181,6516.17726991792,7238.56980917185,16111.027191470608,342.6826050272184,10036020.699010039,36020.69901003875,0.28599217431046914,0.0011002403830042754,0.6176030858948603
127,6515.97974172891,7269.351399762628,15676.133441625154,345.40484826358346,10036813.124324096,36813.12432409637,0.29258769354394015,0.0008393323097741516,0.6184424182046345
476,6425.283792042766,7376.1486744588465,15817.762597829587,346.0474246352344,10037296.524251956,37296.52425195649,0.2966111307879302,0.0048270162535076384,0.6232694344581422
390,6499.7436081867845,7268.960818169208,15834.56650891013,345.5473037097724,10037437.959145762,37437.959145762026,0.2977883225633945,0.0031366329857147515,0.626406067443857
7,6493.396415765117,7272.025782688311,15813.989261791392,346.3217489696838,10037944.651803827,37944.65180382691,0.3020056300022663,0.0004599425947249147,0.6268660100385819
41,6468.109507667582,7302.716210192588,15897.308045092357,346.0021869856744,10038345.749261534,38345.74926153384,0.3053440468219617,0.0005454047118446458,0.6274114147504265
272,6460.344229917118,7284.869905720297,15811.684638649525,349.0555127446307,10038417.371723818,38417.37172381766,0.3059401753392634,0.0017361499545843458,0.6291475647050109
43,6502.625776863597,7256.729225434188,15869.890174361564,345.90981846499847,10038515.615872785,38515.61587278545,0.3067578816424292,0.0005508999387335127,0.6296984646437443
86,6448.329356943354,7312.518534732125,15942.687704945345,347.0651799046319,10039145.940855475,39145.94085547514,0.3120042064037869,0.0006834083047260612,0.6303818729484704
232,6498.000128841409,7255.740168890676,16022.670404668477,344.9505506028828,10039361.164158195,39361.16415819526,0.31379555431683254,0.0014207264409489722,0.6318025993894193
59,6469.006361881474,7319.383983062057,15747.477687811874,346.5404932281473,10039405.995047038,39405.99504703842,0.31416869104577505,0.0005969025471383833,0.6323995019365577
355,6448.93759142091,7342.217129507172,15809.872261615323,346.41999932839144,10039629.837816142,39629.837816141546,0.31603178055427816,0.002631913013225912,0.6350314149497837
21,6452.512709408015,7307.876310271422,15867.222276396045,347.8626770408143,10039663.221310452,39663.22131045163,0.3163096382588424,0.0004933788183258245,0.6355247937681094
92,6424.370093542115,7338.309664592431,15895.660440797745,348.4198581013487,10039785.95752959,39785.957529589534,0.31733119711064445,0.0007042741814475214,0.6362290679495569
440,6593.822227906472,7206.670916197345,15731.646501103109,341.48018560524025,10040044.386493698,40044.38649369776,0.3194821546495121,0.004030042888589965,0.6402591108381469
366,6487.019197889692,7306.604744743154,15993.55046210519,342.947055608682,10040092.1498852,40092.149885199964,0.3198796992025697,0.0027811066479381833,0.6430402174860851
209,6489.283712707447,7248.749363655706,15915.045465868849,347.77946805689425,10040629.253350127,40629.25335012749,0.32435012205561325,0.0012660221973160154,0.6443062396834011
367,6457.038393599795,7324.1388365421035,15786.886499493648,347.2887269593109,10040770.378919592,40770.37891959213,0.3255247392608265,0.0027950820582293297,0.6471013217416304
153,6438.645046401026,7321.425930773465,16158.578532592692,345.4085642402104,10040896.589142876,40896.589142875746,0.3265752129652383,0.0009561672006697297,0.6480574889423001
233,6484.52092261925,7297.677625583428,15842.543872767032,345.7510898476749,10041527.61703697,41527.61703697033,0.33182738820311175,0.0014278657697979623,0.649485354712098
135,6433.004547490144,7335.006750181201,15955.729781348025,347.3797667011262,10041564.17647781,41564.17647781037,0.3321316799653104,0.000873673766440929,0.6503590284785389
87,6444.456583373817,7289.169430565546,15787.853988662246,351.2829974002276,10041720.512426132,41720.512426132336,0.33343289628910583,0.0006868425173126244,0.6510458709958515
391,6470.631537648649,7304.189304842666,15925.569738250924,346.0404778478915,10042530.93933763,42530.939337629825,0.3401782465287822,0.003152394960517339,0.6541982659563689
70,6459.145400458058,7300.735397599763,15944.315980377141,347.3792087610477,10042916.866610458,42916.86661045812,0.3433903987726654,0.0006307387948141511,0.654829004751183
381,6479.560005601066,7315.16868585264,15815.840990525556,345.57805344856115,10042973.759453803,42973.7594538033,0.3438639296352884,0.0029982747821772878,0.6578272795333603
188,6443.079486067298,7332.54548564317,15780.216323936656,348.66301366947766,10043112.214523476,43112.21452347562,0.34501631972025343,0.0011395306632126056,0.6589668101965729
200,6477.969725823626,7292.426091262409,15916.92728963953,346.32306764931417,10043319.092585864,43319.092585863546,0.3467382084777895,0.0012101774243837172,0.6601769876209566
331,6487.083982153142,7264.875062829897,16026.029230794282,346.23603696925613,10044012.97668716,44012.97668715939,0.3525135488849029,0.0023335949125108295,0.6625105825334674
397,6510.525405264042,7285.661253330727,15945.963885269051,343.1364542011985,10044118.445879195,44118.445879194885,0.35339139071083703,0.0032486441342084215,0.6657592266676758
256,6508.41950587357,7258.676119577959,16152.570573603407,343.0426979699508,10044220.993325612,44220.99332561158,0.35424491424571924,0.0016023468289723497,0.6673615734966482
354,6496.328422752537,7235.635940757706,15897.640107714638,348.79506748056207,10044367.334053857,44367.33405385725,0.3554629382924805,0.0026187534481597824,0.6699803269448079
337,6490.075784952999,7280.371403513931,15859.438619695837,346.81543384370565,10045066.010111602,45066.01011160202,0.361278163140896,0.0024048444180049073,0.6723851713628128
375,6447.791943232697,7366.838845982176,15741.010796803064,346.48277165777057,10045081.033266658,45081.03326665796,0.36140320395718634,0.002909443424120985,0.6752946147869339
361,6459.914921774707,7352.017256942046,15785.99829804695,345.7602953941286,10045154.168678721,45154.16867872141,0.3620119250673719,0.0027122707907006704,0.6780068855776346
160,6481.317071011988,7281.9832909520555,15753.72496931045,348.8722758580703,10045508.56300531,45508.56300530955,0.36496162209973493,0.0009903125363805916,0.6789971981140152
190,6490.389038811551,7274.902780830738,15849.879682937113,347.3619380031177,10045562.46168546,45562.46168546006,0.36541023192489447,0.0011510120079923289,0.6801482101220074
303,6488.015435488288,7311.274539801181,15712.00348229904,346.578514678825,10045828.758846162,45828.75884616189,0.3676266780859012,0.002028017649106716,0.6821762277711142
55,6477.276092617515,7316.526319852393,15906.476269319914,345.34883430343984,10046531.297592001,46531.297592001036,0.3734740528835516,0.000585053733499477,0.6827612815046137
305,6450.598846016138,7328.4759695138755,15839.082634586248,348.30060825323574,10047729.915951949,47729.91595194861,0.38345040056753144,0.0020484509473060936,0.6848097324519198
485,6422.380532000551,7440.26436130154,15822.471459035809,343.6381556515804,10048302.468485136,48302.468485135585,0.3882158733229016,0.005049763448411661,0.6898594959003315
44,6452.570802813809,7309.80610069787,15838.223065483176,349.5650974355499,10048516.225958522,48516.22595852241,0.3899950208362513,0.0005536682801341835,0.6904131641804656
83,6470.135348355366,7287.096002181989,15875.093672283732,349.1835108122348,10050170.439192392,50170.43919239193,0.4037633785687699,0.0006732083503519868,0.6910863725308176
384,6428.170950065727,7352.451464572934,15832.67252962317,349.48895401882186,10050180.996085241,50180.99608524144,0.4038512457640745,0.0030437024212776587,0.6941300749520952
411,6477.032415717437,7293.841804529812,15861.1139916613,348.1985024368601,10050645.326662444,50645.32666244358,0.40771596487172623,0.003484809240282457,0.6976148841923777
69,6461.480946082855,7330.9837674156215,15980.888791967405,345.9410812222166,10050839.09461853,50839.09461852908,0.4093287355120889,0.0006275851008400804,0.6982424692932178
277,6406.035496399574,7325.040726163849,15834.85712084984,354.0628538362949,10051755.116893366,51755.11689336598,0.4169529777274699,0.0017802124319838866,0.7000226817252017
224,6509.644996953978,7258.5068042495195,15775.082060604687,348.3843561825536,10051927.512849288,51927.51284928806,0.4183878648050097,0.0013648820086433664,0.701387563733845
279,6489.84033189203,7269.70209169032,15912.666430907793,348.3872223109308,10052990.10040756,52990.100407559425,0.4272320000862764,0.001798148967939079,0.7031857127017841
452,6593.570452843876,7185.148672619918,15969.501537254073,342.6753282516088,10052994.911485003,52994.91148500331,0.42727204367556093,0.004279890906419419,0.7074656036082035
89,6496.408988887076,7298.540463992042,15947.008608358423,345.31168577303146,10053334.85721889,53334.85721888952,0.43010148209254206,0.0006937628012551444,0.7081593664094586
401,6492.453328984843,7331.019505466063,15943.318595299621,343.52117935905,10053682.350345552,53682.35034555197,0.43299373901536226,0.003314437371173375,0.7114738037806321
456,6411.842294088183,7408.562086850167,16014.315537061828,345.87165450928126,10053765.855345607,53765.855345606804,0.43368876834390874,0.00436656949137893,0.715840373272011
16,6474.614966828801,7328.418143150076,15780.676018288175,347.43222145913506,10053881.515055839,53881.51505583897,0.43465142795339023,0.0004811670773890044,0.7163215403494
402,6542.157356601598,7208.275863986119,16023.569826977135,346.3263283171611,10055199.422474373,55199.42247437313,0.44562064306133176,0.003331092835350126,0.7196526331847501
51,6504.3004400495975,7289.172854079406,15750.761641904239,347.6749213804934,10055617.746931618,55617.74693161808,0.4491024437492257,0.0005734401247283041,0.7202260733094784
234,6504.792500046815,7301.72744195048,16007.361141018548,343.9671732879059,10055890.887325812,55890.88732581213,0.45137584755320076,0.0014350409746713188,0.7216611142841497
374,6491.84488778813,7332.952418995094,15891.090497674211,344.42322869473855,10056016.958180802,56016.95818080194,0.45242516126657484,0.0028948962070003805,0.72455601049115
289,6529.987454937442,7239.082154282003,15956.878981771697,346.3472127185622,10056256.474758724,56256.47475872375,0.45441870711675647,0.0018905791352033022,0.7264465896263533
157,6474.0661831095995,7302.307696540745,15885.414817076251,348.69847730757505,10056732.883945832,56732.88394583203,0.45838395898445045,0.0009755319979860444,0.7274221216243394
339,6457.980082841189,7354.660715098577,15875.628446763845,346.8029122895621,10056759.740174962,56759.74017496221,0.4586074889154411,0.00242907443549901,0.7298511960598384
237,6500.519698579622,7310.230257456583,15894.374056520592,345.2068313370547,10056768.526773054,56768.52677305415,0.4586806215825634,0.0014567836527871233,0.7313079797126255
117,6513.820961900372,7357.288362523754,15720.042182152294,342.3585074674918,10056906.369638525,56906.36963852495,0.459827916165764,0.000798297462653431,0.732106277175279
179,6465.61406909566,7298.000694364381,15918.993206458645,349.6750346524442,10057492.10831967,57492.10831966996,0.4647031399486819,0.0010892654851838077,0.7331955426604628
39,6500.711941333246,7264.556080628833,15858.256536818004,349.02192971643615,10057841.348092569,57841.34809256904,0.46760993456817007,0.0005399642998439955,0.7337355069603069
299,6499.016829983518,7288.744062228949,16074.44519122289,345.39211241808914,10059449.33545025,59449.335450250655,0.4809935448045238,0.001987760486030634,0.7357232674463375
201,6469.553096283684,7333.9244514582815,15823.969279278132,348.149680141855,10059909.684808513,59909.68480851315,0.4848251274062824,0.001216258717973585,0.7369395261643111
18,6501.009983421549,7304.01198123224,15815.283157107831,347.048521400874,10060160.155010013,60160.15501001291,0.4869098425234006,0.0004860150777899592,0.7374255412421011
463,6471.584993860584,7368.014995030855,15777.173409260244,346.1291751663797,10060575.384602709,60575.38460270874,0.4903658840157002,0.004522502450680932,0.7419480436927821
122,6432.798199336254,7361.422547570986,15758.887698866785,351.1033802794016,10061428.647728378,61428.64772837795,0.49746776889586153,0.0008185577885621446,0.7427666014813442
67,6498.57232962701,7292.6319164534025,15913.2927553619,347.30180240935294,10061626.59389986,61626.593899859115,0.499115315684228,0.0006213249394592005,0.7433879264208034
137,6516.116867000516,7266.993940620635,15872.189775128118,347.7770201526247,10062081.5809857,62081.58098570071,0.5029022669872892,0.0008824764692214128,0.7442704028900249
38,6502.732729008907,7343.898873427681,15962.727951339564,342.7583098882899,10062189.024928467,62189.02492846735,0.5037965450706188,0.0005372644783447755,0.7448076673683697
345,6508.441953918284,7293.872970148311,15876.90816675935,346.80626606276815,10063089.283529103,63089.2835291028,0.5112895829762164,0.00250323912938386,0.7473109064977536
473,6470.087476548283,7304.775362222747,16073.688474940465,348.10218580586724,10063756.80409765,63756.80409765057,0.5168454942658881,0.004754972432547006,0.7520658789303005
0,6507.453445937626,7348.669044263403,15789.711451639898,344.1625288255422,10064257.351871805,64257.351871805266,0.5210116565693154,0.0004440840715540321,0.7525099630018546
65,6487.334432591653,7257.444004393436,15769.747503210912,353.17723715212884,10065058.154502241,65058.15450224094,0.5276769019338376,0.000615127223188095,0.7531250902250427
360,6494.748141430535,7320.244329895006,15812.457300232087,347.6242329436366,10066127.701836122,66127.7018361222,0.5365789648621411,0.002698709436747167,0.7558237996617899
304,6528.457728836366,7286.367996798958,16017.583270650139,344.26931852907035,10066635.464804607,66635.46480460651,0.5408051807152594,0.0020382086925695635,0.7578620083543595
182,6455.735893174309,7317.844440038372,15830.685707412045,351.8745688690623,10066693.015367577,66693.01536757685,0.5412841859138999,0.0011057692291500255,0.7589677775835095
1,6458.845714019058,7315.127225555903,15925.15627957993,350.72355356974236,10066821.547738397,66821.5477383975,0.5423539873309323,0.00044631564980304733,0.7594140932333125
167,6500.525619273132,7296.390315334719,15854.757626194707,348.4050329253581,10067069.679249981,67069.67924998142,0.5444192370498011,0.0010256772236337263,0.7604397704569463
15,6516.116627215987,7298.291372944977,16021.24890660738,344.80818518597465,10067249.97406745,67249.97406744957,0.5459198679802005,0.00047876124200205936,0.7609185316989484
85,6481.345399153289,7310.729359648695,15818.205845812647,349.92427871317807,10067565.849285202,67565.8492852021,0.5485489625296865,0.0006799912632024309,0.7615985229621508
183,6458.290239633777,7362.103404040709,15937.497514543942,347.5483008820259,10068259.334706835,68259.33470683545,0.5543209846437882,0.0011113258584422366,0.762709848820593
386,6490.203075103708,7312.87033939232,15756.326112853487,350.07499208088024,10070898.823716974,70898.82371697389,0.5762899957595002,0.003074369254592216,0.7657842180751853
368,6504.783869276326,7302.327778894227,16016.141483665238,346.50391243950213,10071378.25520487,71378.25520486943,0.5802804028596409,0.0028091276967128946,0.7685933457718982
199,6442.178782481326,7415.013801284073,15975.565420741752,345.6888918837334,10071741.47418623,71741.47418623045,0.5833035493127262,0.0012041265372617984,0.76979747230916
257,6464.845354633443,7337.059456535594,15772.759297296081,351.26646147694737,10073085.117039785,73085.11703978479,0.5944869657512489,0.0016103988230877885,0.7714078711322477
132,6503.907398709203,7297.79087449249,15797.894840421217,349.61893561412194,10073172.978077076,73172.97807707638,0.5952182512756374,0.0008606340762675774,0.7722685052085153
372,6501.7866917591655,7329.524381133353,15909.54483656059,346.5711544933144,10074378.365472313,74378.36547231302,0.605250939035646,0.002866019617335551,0.7751345248258509
103,6537.853238071067,7281.086707000819,15830.783351718777,347.0237449609303,10074401.762206526,74401.76220652647,0.6054456748773307,0.0007441969389384226,0.7758787217647893
471,6432.75980155983,7320.502225280095,16115.90981532185,352.4319969448472,10074828.452800842,74828.452800842,0.6089971086485954,0.004707541582532349,0.7805862633473217
351,6456.0163435301665,7374.767382196986,15873.143260458804,348.77325606803817,10075090.550749082,75090.55074908212,0.6111786038986894,0.0025796682256018165,0.7831659315729236
144,6445.504371714466,7394.79290741562,15814.702772960303,349.11700400628575,10075119.536864532,75119.53686453216,0.611419861312559,0.0009139902622875161,0.7840799218352111
196,6540.195185213057,7238.454753571494,15938.16036211333,348.7653744749437,10075148.520948175,75148.52094817534,0.6116611018152813,0.001186154798177349,0.7852660766333884
90,6443.365201703271,7384.5571283833015,16046.319467579286,347.6934299437511,10075997.990228634,75997.99022863433,0.6187314097397233,0.0006972490464875824,0.785963325679876
212,6459.447379943918,7365.99349510699,15914.5435831392,349.1960600503238,10078669.850172404,78669.8501724042,0.6409698508087495,0.001285204028085698,0.7872485297079618
312,6492.525416222848,7344.207393820391,15857.913186282647,347.8678426717089,10078927.952534769,78927.95253476873,0.6431180899739811,0.0021216024267063575,0.7893701321346681
170,6546.53703472245,7318.314383909101,15945.240263585427,343.08088064311636,10079574.531393401,79574.53139340132,0.6484996990952628,0.0010412175253517925,0.7904113496600199
265,6495.096908356909,7305.4282919220095,15856.266776963439,350.7039034980764,10080837.60012384,80837.60012383945,0.6590124804981482,0.0016762886271085343,0.7920876382871285
404,6468.106323912383,7322.440385898762,15859.338895513267,352.42380207541225,10081262.051719597,81262.05171959661,0.6625452786228813,0.0033646552716851854,0.7954522935588136
307,6516.02074284898,7312.960446443517,15984.328005864763,346.8856742977022,10082934.7543089,82934.75430889986,0.6764675270719309,0.0020690901212657192,0.7975213836800794
346,6461.9049942047595,7363.5132319683535,15981.774618563672,349.2045062037342,10083479.50133631,83479.50133631006,0.681001568871104,0.0025158182204862915,0.8000372019005657
197,6445.589844,7392.9810109315,15835.525779463673,350.76244816971996,10085271.76589137,85271.76589136943,0.6959189562067425,0.001192115375052612,0.8012293172756183
494,6545.435738579479,7279.218297421501,15784.702718291015,348.78395049237037,10085609.242712757,85609.24271275662,0.6987278453560711,0.0052827895216603655,0.8065121067972787
250,6475.661984377708,7357.453416909756,15909.793552770825,349.5454545308145,10086930.098228544,86930.098228544,0.7097215980851498,0.0015548733132889536,0.8080669801105677
258,6507.254285315757,7327.649948377777,15894.390143155024,348.9814226539519,10089994.21475203,89994.21475202963,0.7352248715239591,0.0016184912794852146,0.8096854713900529
249,6513.873110061722,7314.792538781868,16109.947492290608,346.8361981034814,10090029.751830824,90029.75183082372,0.7355206539561073,0.0015470989467225092,0.8112325703367754
453,6442.645132397572,7411.39321476248,15856.528474650431,350.3610592489019,10090049.236007584,90049.23600758426,0.7356828247756063,0.004301397895898913,0.8155339682326743
134,6594.086878141877,7233.842088947936,15740.937827545727,348.12709405452296,10090498.764524637,90498.76452463679,0.739424343285448,0.0008693053976087244,0.8164032736302831
210,6520.213424647733,7306.7316855621675,15938.448686889811,349.2083720093881,10093508.912177265,93508.91217726469,0.764478422687373,0.001272384117905543,0.8176756577481886
296,6539.646146323784,7336.757081607496,15934.840354846803,345.07824577755326,10093816.005486527,93816.00548652746,0.7670344236022625,0.0019580929123065656,0.8196337506604952
206,6491.88661609104,7297.120936540913,15953.310733175833,352.87179608052554,10094117.818102976,94117.8181029763,0.7695464722223395,0.0012471266577682991,0.8208808773182634
115,6547.143605153931,7299.2936161427015,15719.538386891394,349.36031215228735,10094163.11799297,94163.11799296923,0.7699235125445278,0.0007903344454634631,0.8216712117637269
116,6515.753468863155,7270.146900745152,16106.962082370988,350.6357575680747,10094583.64145239,94583.6414523907,0.7734236159808227,0.0007943059753401638,0.8224655177390671
156,6508.231428657227,7327.488352382843,16062.883544314145,347.9434014712923,10095197.663909733,95197.6639097333,0.778534251463237,0.000970654337996114,0.8234361720770632
489,6473.376909315471,7382.261656567368,16165.134288173169,346.88861069903345,10096542.182389943,96542.18238994293,0.7897249559229068,0.005152033894004577,0.8285882059710677
466,6554.120998571965,7298.354578743952,15940.84483714011,346.74755855754813,10096996.813715827,96996.81371582672,0.7935089461625056,0.0045910240586340524,0.8331792300297018
118,6405.440641472069,7411.498068587238,15956.888285339102,354.68303455643513,10098388.052732848,98388.05273284763,0.8050885152806742,0.0008023090076918903,0.8339815390373937
403,6518.240332935933,7370.789521639198,15896.364877987326,346.25325311432977,10098943.156057606,98943.15605760552,0.8097087546774411,0.0033478319953267593,0.8373293710327204
465,6378.6028502976,7547.49203328308,15779.548544987447,349.9519013343844,10099226.6756372,99226.67563720047,0.8120685465809947,0.004568068938340881,0.8418974399710613
407,6498.663999505666,7376.77594875203,15974.911520874672,347.32764084657714,10100462.202675585,100462.2026755847,0.822352092803679,0.0034156340366362356,0.8453130740076975
143,6480.579838150633,7321.711296068088,16076.602384275538,352.194694858228,10101139.298131697,101139.29813169688,0.8279876978562443,0.0009094203109760785,0.8462224943186736
74,6497.573726277302,7337.397920714228,16131.14441275362,349.3561361148126,10105178.01721251,105178.01721251011,0.8616027892769016,0.0006435128461647489,0.8468660071648383
247,6498.990683608431,7356.102862023874,15870.627330840709,350.882916705628,10106113.245017806,106113.24501780607,0.8693868830811763,0.001531666634728952,0.8483976737995672
297,6523.980743656723,7362.9454443328395,15968.004361727364,346.70723319337657,10106435.545260083,106435.54526008293,0.8720694544341844,0.0019679325751824784,0.8503656063747497
40,6504.336750556295,7355.346490052023,15926.936993404142,350.0823868150411,10108050.668509234,108050.66850923374,0.885512458166175,0.0005426776882854226,0.8509082840630351
121,6582.373780987209,7313.416397000637,16015.978618451314,344.0779031105333,10110047.252053645,110047.25205364451,0.9021304345669584,0.0008144649996193339,0.8517227490626544
373,6447.17563962841,7428.4534153047425,15949.791234000308,351.42414427069514,10111965.374608064,111965.37460806407,0.9180953639746892,0.002880421725965378,0.8546031707886198
178,6533.8307677436505,7279.657996920787,16001.559016911013,352.3528667169778,10112992.489109637,112992.48910963722,0.9266442496929086,0.0010838191577578888,0.8556869899463777
496,6476.2846778001785,7408.064388964068,16201.434532958147,347.78426506258614,10116481.099331908,116481.09933190793,0.9556806716886311,0.005336016284094205,0.8610230062304719
497,6547.978757097031,7274.8441188140205,15893.133247886333,353.56442479993297,10119932.26986302,119932.26986302063,0.9844054754173105,0.005362830436275584,0.8663858366667475
327,6537.2476294993685,7367.763752514953,15945.76615492016,347.600650582745,10120421.590351,120421.59035100043,0.9884781907035961,0.0022872718881585302,0.8686731085549061
445,6539.79979630429,7415.485089713277,15966.41641478083,344.40724304182095,10124516.70021061,124516.7002106104,1.0225626342001481,0.0041323230362401075,0.8728054315911462
155,6490.7875926461065,7424.135434012378,15751.916761826711,351.49406818904043,10125117.319016974,125117.31901697442,1.0275617083325403,0.0009658010663061334,0.8737712326574524
333,6500.75308757935,7406.819794682237,15912.788117692437,350.2204169039402,10126972.17861012,126972.17861011997,1.0430000870730385,0.0023571070553883287,0.8761283397128407
478,6523.312483517591,7431.036744397082,15693.753407849601,348.60288408331144,10127723.871339438,127723.87133943848,1.0492565806074186,0.004875650870945319,0.881003990583786
171,6502.392808245926,7404.087260274564,15914.381042396999,350.44126578663935,10128241.780004153,128241.78000415303,1.0535672411816184,0.0010464497742229072,0.8820504403580088
163,6530.744705138023,7363.436044172678,16045.832830824464,349.4937853910425,10131901.369980957,131901.36998095736,1.0840267629187994,0.0010053170185470334,0.8830557573765558
246,6584.0800683142525,7343.652174223308,15979.106060404692,345.95135420651786,10132096.260216076,132096.26021607593,1.0856488745188926,0.001524008301555307,0.8845797656781111
332,6516.70835824155,7415.092400737553,16092.220976239701,347.082998691121,10133488.152953869,133488.15295386873,1.0972338846897989,0.0023453215201113867,0.8869250871982225
291,6568.184106150576,7327.596241613069,16145.175008649207,347.3979202532127,10134502.312123938,134502.31212393753,1.1056749405133934,0.0019096276712237592,0.8888347148694462
308,6530.943790352099,7358.378179636913,16047.740230386667,351.166766322817,10139745.641826276,139745.64182627574,1.1493162544463387,0.0020794875590610246,0.8909142024285073
154,6567.990500398559,7379.076993713826,15926.021106526447,347.12660554235754,10140173.066894755,140173.06689475477,1.1528738013974653,0.0009609720609746027,0.8918751744894818
443,6435.326225357107,7505.865609645827,16114.879437150248,350.9885463335193,10144495.46228597,144495.4622859694,1.1888499892244857,0.004091103113953612,0.8959662776034355
475,6534.220459424952,7389.796413156999,16412.03648949951,345.80294142155105,10146765.109471686,146765.10947168618,1.207740730599136,0.004802881172240101,0.9007691587756756
474,6498.709572246283,7458.207384053655,16120.013657931328,350.04042054694673,10158996.983863432,158996.98386343196,1.3095491425478418,0.004778866766378901,0.9055480255420546
455,6540.542840895867,7307.580438023309,16257.24492824246,355.3135287316562,10162022.668566901,162022.66856690124,1.3347325400266097,0.0043447366439220364,0.9098927621859766
105,6584.324908399627,7337.038616551658,16071.090226425982,350.8075512406253,10163465.478121242,163465.47812124155,1.3467413413572489,0.0007516950975363477,0.910644457283513
470,6541.28528313823,7440.31320103992,16183.773077398711,348.43786609489405,10172793.651879359,172793.65187935904,1.4243816543853483,0.004684003874619687,0.9153284611581326
457,6556.432042531492,7376.18585374428,15869.672065338604,355.00750980759534,10173870.741098335,173870.741098335,1.433346489977922,0.004388512051637116,0.9197169732097698
459,6556.796645366683,7379.467547681713,15825.248778087216,355.530000100294,10175662.478084084,175662.47808408365,1.448259486245438,0.004432728518610254,0.92414970172838
477,6614.624275423214,7319.9796696803905,16518.661961231286,347.4747641423311,10184284.719478779,184284.71947877854,1.5200241786972053,0.004851272616590592,0.9290009743449705
464,6649.391974618296,7253.952333716312,16621.492508548632,347.5670347628786,10185660.705749266,185660.70574926585,1.531476796061889,0.004545228593649178,0.9335462029386197
437,6662.690390498467,7343.913085715887,16041.537499873295,348.5689583106943,10200099.962958287,200099.96295828745,1.651657710212004,0.003969893994722399,0.937516096933342
427,7046.365078698945,7128.737788771951,15964.880405972108,324.2103067483882,10203497.121170614,203497.12117061391,1.6799329582777343,0.003775806395255705,0.9412919033285977
449,6618.559707599507,7315.955303785633,16255.265289730423,355.16029253591324,10212881.844583787,212881.84458378702,1.7580439457415802,0.004216012999654746,0.9455079163282525
469,6524.9097505029395,7385.253390777147,16284.637326288592,360.1713926473626,10214240.310645517,214240.31064551696,1.7693507387972927,0.004660583855246589,0.9501685001834991
444,6666.677198422175,7337.300502805498,15934.497706496344,354.25240711401625,10225973.435201649,225973.43520164862,1.867007953055658,0.0041116614210589065,0.954280161604558
424,6764.1606644113335,7300.761076641727,15562.21121125443,351.1420958168768,10229795.36444096,229795.3644409608,1.8988186579380815,0.003719452012830714,0.9579996136173887
446,6576.460001735604,7475.968593838187,15931.255088488804,354.856946866528,10230508.65242652,230508.65242652036,1.9047555008736918,0.004153088478633274,0.962152702096022
418,6742.484298940182,7263.358171033808,15933.133414736307,355.04067264451004,10246980.375287334,246980.3752873335,2.0418530456007873,0.003609253983120753,0.9657619560791427
420,6717.96381205628,7349.675092603781,16047.460031944885,350.3663504093229,10247562.246797811,247562.24679781124,2.0466960821250924,0.003645619032974675,0.9694075751121174
152,6823.938565624963,7139.825051041337,15674.335383925474,362.2100796365521,10271666.707271472,271666.7072714716,2.2473224753588004,0.0009513863646663811,0.9703589614767838
435,6848.191055131727,7454.603115244837,16311.519473317237,330.5411374684341,10273614.132020094,273614.1320200935,2.2635312929690103,0.003930294302125043,0.9742892557789088
484,6567.924230091108,7482.834433131098,16356.857800230502,361.7481088078198,10294910.088526048,294910.08852604777,2.4407819287557038,0.0050245146311696035,0.9793137704100784
429,6832.241237730994,7308.775545284643,16245.000453428735,347.26214958228246,10296141.50657214,296141.5065721404,2.4510312749885483,0.0038138495444617103,0.9831276199545401
442,6899.001845041572,7191.862899822732,16451.198719249915,357.76246805765885,10363186.937922046,363186.9379220456,3.009064220352667,0.004070647598383844,0.987198267552924
434,6519.960427941275,7994.401068129302,16548.595405685104,372.17917801513784,10548810.460955493,548810.4609554932,4.554047065591167,0.003910642830614418,0.9911089103835383
433,7051.060810837412,7356.967710393257,17235.088443771903,368.8174650284827,10639362.166591082,639362.1665910818,5.307727577240878,0.003891089616461346,0.9949999999999997
